{
    "sources": [
        {
            "DOI": "10.1093/comjnl/27.2.97",
            "ISSN": "0010-4620",
            "URL": "https://doi.org/10.1093/comjnl/27.2.97",
            "author": [
                {
                    "family": "Knuth",
                    "given": "Donald E."
                }
            ],
            "container-title": "Comput. J.",
            "id": "knuth84",
            "issue": "2",
            "issued": {
                "date-parts": [
                    [
                        1984,
                        5
                    ]
                ]
            },
            "page": "97-111",
            "publisher": "Oxford University Press, Inc.",
            "publisher-place": "USA",
            "title": "Literate programming",
            "type": "article-journal",
            "volume": "27"
        },
        {
            "URL": "https://futurism.com/the-byte/gen-z-kids-file-systems",
            "abstract": "\"These are smart kid. They’re doing astrophysics. They get stuff. But they were not getting this.\"",
            "accessed": {
                "date-parts": [
                    [
                        2023,
                        1,
                        9
                    ]
                ]
            },
            "author": [
                {
                    "family": "Robitzski",
                    "given": "Dan"
                }
            ],
            "id": "robitzskiGenKidsApparently2021",
            "issued": {
                "date-parts": [
                    [
                        2021,
                        9,
                        24
                    ]
                ]
            },
            "title": "Gen z kids apparently don’t understand how file systems work. Futurism",
            "title-short": "Gen z kids apparently don’t understand how file systems work",
            "type": "webpage"
        },
        {
            "URL": "https://en.wikipedia.org/w/index.php?title=Punched_card_input/output&oldid=1132250858",
            "id": "punched2023",
            "issued": {
                "date-parts": [
                    [
                        2023,
                        1,
                        8
                    ]
                ]
            },
            "language": "en",
            "note": "Page Version ID: 1132250858",
            "title": "Punched card input/output",
            "type": ""
        },
        {
            "URL": "https://quarto.org/docs/authoring/markdown-basics.html",
            "abstract": "Quarto is based on Pandoc and uses its variation of markdown as its underlying document syntax. Pandoc markdown is an extended and slightly revised version of John Gruber’s Markdown syntax.",
            "accessed": {
                "date-parts": [
                    [
                        2023,
                        1,
                        9
                    ]
                ]
            },
            "author": [
                {
                    "literal": "Posit PBC"
                }
            ],
            "id": "positpbcQuartoMarkdownBasics2023",
            "issued": {
                "date-parts": [
                    [
                        2023
                    ]
                ]
            },
            "language": "en-US",
            "title": "Quarto - markdown basics",
            "type": "webpage"
        },
        {
            "URL": "https://yihui.org/en/2018/09/notebook-war/",
            "abstract": "Last week I learned about an interesting JupyterCon talk given by Joel Grus titled &ldquo;I Don&rsquo;t Like Notebooks&rdquo;. I&rsquo;d applaud the open-mindedness of the conference committee to &hellip;",
            "accessed": {
                "date-parts": [
                    [
                        2023,
                        1,
                        9
                    ]
                ]
            },
            "author": [
                {
                    "family": "Xie",
                    "given": "Yihui"
                }
            ],
            "id": "xieFirstNotebookWar2018",
            "issued": {
                "date-parts": [
                    [
                        2018,
                        9,
                        10
                    ]
                ]
            },
            "language": "en-US",
            "title": "The first notebook war",
            "type": "webpage"
        },
        {
            "ISBN": "978-1-5300-5112-0",
            "URL": "https://www.py4e.com/html3/",
            "author": [
                {
                    "family": "Severance",
                    "given": "Dr Charles Russell"
                }
            ],
            "editor": [
                {
                    "family": "Blumenberg",
                    "given": "Sue"
                },
                {
                    "family": "Hauser",
                    "given": "Elliott"
                }
            ],
            "id": "py4e",
            "issued": {
                "date-parts": [
                    [
                        2016,
                        4
                    ]
                ]
            },
            "publisher": "CreateSpace Independent Publishing Platform",
            "publisher-place": "Ann Arbor, MI",
            "title": "Python for Everybody: Exploring Data in Python 3",
            "title-short": "Python for Everybody",
            "type": "book"
        },
        {
            "URL": "https://www.stat.auckland.ac.nz/~ihaka/downloads/Interface98.pdf",
            "abstract": "R began as an experiment in trying to use the methods of Lisp implementors to build a small testbed which could be used to trial some ideas on how a statistical environment might be built. Early on, the decision was made to use an S-like syntax. Once that decision was made, the move toward being more and more like S has been irresistible.",
            "author": [
                {
                    "family": "Ihaka",
                    "given": "Ross"
                }
            ],
            "id": "ihakaFutureHistory1998",
            "issued": {
                "date-parts": [
                    [
                        1998
                    ]
                ]
            },
            "language": "en-US",
            "title": "R : Past and future history",
            "title-short": "R ",
            "type": "article-journal"
        },
        {
            "URL": "https://www.youtube.com/watch?v=6otW6OXjR8c",
            "accessed": {
                "date-parts": [
                    [
                        2022,
                        5,
                        18
                    ]
                ]
            },
            "director": [
                {
                    "literal": "Tom Scott"
                }
            ],
            "id": "tomscottWhyTRUETRUE2020",
            "issued": {
                "date-parts": [
                    [
                        2020,
                        2,
                        3
                    ]
                ]
            },
            "title": "Why TRUE + TRUE = 2: Data Types",
            "title-short": "Why TRUE + TRUE = 2",
            "type": "motion_picture"
        },
        {
            "URL": "https://stackoverflow.com/a/624948/2859168",
            "accessed": {
                "date-parts": [
                    [
                        2023,
                        1,
                        10
                    ]
                ]
            },
            "author": [
                {
                    "family": "Ryan"
                }
            ],
            "id": "ryanAnswerHowDetect2009",
            "issued": {
                "date-parts": [
                    [
                        2009,
                        3,
                        9
                    ]
                ]
            },
            "title": "Answer to \"how do i detect whether a variable is a function?\". Stack overflow",
            "title-short": "Answer to \"how do i detect whether a variable is a function?",
            "type": "webpage"
        },
        {
            "ISBN": "978-1-59327-384-2",
            "URL": "https://books.google.com/books?id=o2aLBAAAQBAJ",
            "author": [
                {
                    "family": "Matloff",
                    "given": "N."
                }
            ],
            "collection-title": "No starch press series",
            "id": "matloffArtProgrammingTour2011",
            "issued": {
                "date-parts": [
                    [
                        2011
                    ]
                ]
            },
            "publisher": "No Starch Press",
            "title": "The art of r programming: A tour of statistical software design",
            "title-short": "The art of r programming",
            "type": "book"
        },
        {
            "URL": "https://stackoverflow.com/a/38925257/2859168",
            "accessed": {
                "date-parts": [
                    [
                        2023,
                        1,
                        10
                    ]
                ]
            },
            "author": [
                {
                    "family": "Fripp",
                    "given": "Matthias"
                }
            ],
            "id": "frippAnswerPythonPandas2016",
            "issued": {
                "date-parts": [
                    [
                        2016,
                        8,
                        12
                    ]
                ]
            },
            "title": "Answer to \"python pandas dataframe, is it pass-by-value or pass-by-reference\". Stack overflow",
            "title-short": "Answer to \"python pandas dataframe, is it pass-by-value or pass-by-reference\"",
            "type": "webpage"
        },
        {
            "URL": "http://www.jstatsoft.org/v59/i10/",
            "author": [
                {
                    "family": "Wickham",
                    "given": "Hadley"
                }
            ],
            "container-title": "The Journal of Statistical Software",
            "id": "tidy-data",
            "issued": {
                "date-parts": [
                    [
                        2014
                    ]
                ]
            },
            "title": "Tidy data",
            "type": "article-journal",
            "volume": "59"
        },
        {
            "URL": "https://www.mathsisfun.com/algebra/matrix-multiplying.html",
            "accessed": {
                "date-parts": [
                    [
                        2023,
                        1,
                        10
                    ]
                ]
            },
            "author": [
                {
                    "literal": "MathIsFun.com"
                }
            ],
            "id": "mathisfunHowMultiplyMatrices2021",
            "issued": {
                "date-parts": [
                    [
                        2021
                    ]
                ]
            },
            "title": "How to multiply matrices. Math is fun",
            "title-short": "How to multiply matrices",
            "type": "webpage"
        },
        {
            "URL": "https://www.datamentor.io/r-programming/recursion/",
            "abstract": "In this tutorial, you will learn to create a recursive function (a function that calls itself) in R programming.",
            "accessed": {
                "date-parts": [
                    [
                        2023,
                        1,
                        10
                    ]
                ]
            },
            "author": [
                {
                    "literal": "DataMentor"
                }
            ],
            "id": "datamentorRecursion2017",
            "issued": {
                "date-parts": [
                    [
                        2017,
                        11,
                        24
                    ]
                ]
            },
            "language": "en-US",
            "note": "Section: R Programming",
            "title": "R recursion. DataMentor",
            "title-short": "R recursion",
            "type": "webpage"
        },
        {
            "URL": "https://www.programiz.com/python-programming/recursion",
            "accessed": {
                "date-parts": [
                    [
                        2023,
                        1,
                        10
                    ]
                ]
            },
            "author": [
                {
                    "literal": "Parewa Labs Pvt. Ltd."
                }
            ],
            "id": "parewalabspvtPythonRecursion2020",
            "issued": {
                "date-parts": [
                    [
                        2020
                    ]
                ]
            },
            "title": "Python recursion. Learn python interactively",
            "title-short": "Python recursion",
            "type": "webpage"
        },
        {
            "URL": "https://duckly.com/blog/improve-how-to-code-with-rubber-duck-debugging/",
            "abstract": "Improve how you code and learn more about the programming methodology Rubber Duck Debugging that makes it easy to understand complex concepts and fix bugs.",
            "accessed": {
                "date-parts": [
                    [
                        2023,
                        1,
                        11
                    ]
                ]
            },
            "author": [
                {
                    "family": "Monteiro",
                    "given": "Thiago"
                }
            ],
            "id": "monteiroImproveHowYou2019a",
            "issued": {
                "date-parts": [
                    [
                        2019,
                        10,
                        31
                    ]
                ]
            },
            "language": "en-US",
            "title": "Improve how you code: Understanding rubber duck debugging. Duckly blog",
            "title-short": "Improve how you code",
            "type": "webpage"
        },
        {
            "URL": "https://en.wikipedia.org/w/index.php?title=Defensive_programming&oldid=1084121123",
            "accessed": {
                "date-parts": [
                    [
                        2022,
                        5,
                        31
                    ]
                ]
            },
            "author": [
                {
                    "literal": "Wikipedia Contributors"
                }
            ],
            "container-title": "Wikipedia",
            "id": "DefensiveProgramming2022",
            "issued": {
                "date-parts": [
                    [
                        2022,
                        4
                    ]
                ]
            },
            "note": "Page Version ID: 1084121123",
            "publisher": "Wikimedia Foundation",
            "title": "Defensive programming",
            "type": ""
        },
        {
            "ISBN": "978-1-4919-1059-7",
            "URL": "https://r-pkgs.org/",
            "accessed": {
                "date-parts": [
                    [
                        2022,
                        9,
                        23
                    ]
                ]
            },
            "author": [
                {
                    "family": "Wickham",
                    "given": "Hadley"
                },
                {
                    "family": "Bryan",
                    "given": "Jennifer"
                }
            ],
            "edition": "1",
            "id": "wickhamPackagesOrganizeTest2015",
            "issued": {
                "date-parts": [
                    [
                        2015
                    ]
                ]
            },
            "publisher": "O’Reilly",
            "publisher-place": "Sebastopol, CA",
            "title": "R Packages: Organize, Test, Document, and Share Your Code",
            "title-short": "R packages",
            "type": "book"
        },
        {
            "ISBN": "978-1-03-202944-3",
            "URL": "https://py-pkgs.org/",
            "author": [
                {
                    "family": "Beuzen",
                    "given": "Tomas"
                },
                {
                    "family": "Timbers",
                    "given": "Tiffany"
                }
            ],
            "edition": "1st edition",
            "id": "beuzenPythonPackages2022",
            "issued": {
                "date-parts": [
                    [
                        2022,
                        4
                    ]
                ]
            },
            "publisher": "Chapman; Hall/CRC",
            "publisher-place": "Boca Raton",
            "title": "Python Packages",
            "type": "book"
        },
        {
            "URL": "https://twitter.com/Nasser_Junior/status/1295805928315531264",
            "accessed": {
                "date-parts": [
                    [
                        2022,
                        9,
                        21
                    ]
                ]
            },
            "author": [
                {
                    "literal": "Nasser_Junior"
                }
            ],
            "container-title": "Twitter",
            "genre": "Tweet",
            "id": "nasserUserFistName2020",
            "issued": {
                "date-parts": [
                    [
                        2020,
                        8
                    ]
                ]
            },
            "title": "User.fist_name https://t.co/lxrf3IFO4x",
            "title-short": "User.fist_name https",
            "type": ""
        },
        {
            "URL": "https://twitter.com/b0rk/status/1570060516839641092",
            "accessed": {
                "date-parts": [
                    [
                        2022,
                        9,
                        21
                    ]
                ]
            },
            "author": [
                {
                    "family": "Evans",
                    "given": "Julia"
                }
            ],
            "container-title": "Twitter",
            "genre": "Tweet",
            "id": "evansDebuggingManifestoHttps2022",
            "issued": {
                "date-parts": [
                    [
                        2022,
                        9
                    ]
                ]
            },
            "title": "A debugging manifesto https://t.co/3eSOFQj1e1",
            "title-short": "A debugging manifesto https",
            "type": ""
        },
        {
            "URL": "https://duckly.com/blog/improve-how-to-code-with-rubber-duck-debugging/",
            "abstract": "Improve how you code and learn more about the programming methodology Rubber Duck Debugging that makes it easy to understand complex concepts and fix bugs.",
            "accessed": {
                "date-parts": [
                    [
                        2022,
                        9,
                        21
                    ]
                ]
            },
            "author": [
                {
                    "family": "Monteiro",
                    "given": "Thiago"
                }
            ],
            "container-title": "Duckly Blog",
            "id": "monteiroImproveHowYou2019",
            "issued": {
                "date-parts": [
                    [
                        2019,
                        10
                    ]
                ]
            },
            "title": "Improve how you code: Understanding Rubber Duck Debugging",
            "title-short": "Improve how you code",
            "type": ""
        },
        {
            "URL": "https://twitter.com/b0rk/status/1570463473011920897",
            "accessed": {
                "date-parts": [
                    [
                        2022,
                        9,
                        21
                    ]
                ]
            },
            "author": [
                {
                    "family": "Evans",
                    "given": "Julia"
                }
            ],
            "container-title": "Twitter",
            "genre": "Tweet",
            "id": "evansDebuggingStrategyReread2022",
            "issued": {
                "date-parts": [
                    [
                        2022,
                        9
                    ]
                ]
            },
            "title": "Debugging strategy: Reread the error message https://t.co/2BZHhPg04h",
            "title-short": "Debugging strategy",
            "type": ""
        },
        {
            "URL": "https://twitter.com/b0rk/status/1561718747504803842",
            "accessed": {
                "date-parts": [
                    [
                        2022,
                        9,
                        21
                    ]
                ]
            },
            "author": [
                {
                    "family": "Evans",
                    "given": "Julia"
                }
            ],
            "container-title": "Twitter",
            "genre": "Tweet",
            "id": "evansDebuggingStrategyWrite2022",
            "issued": {
                "date-parts": [
                    [
                        2022,
                        8
                    ]
                ]
            },
            "title": "Debugging strategy: Write a unit test https://t.co/mC01DBNyM3",
            "title-short": "Debugging strategy",
            "type": ""
        },
        {
            "URL": "https://twitter.com/b0rk/status/1554120424602193921",
            "accessed": {
                "date-parts": [
                    [
                        2022,
                        9,
                        21
                    ]
                ]
            },
            "author": [
                {
                    "family": "Evans",
                    "given": "Julia"
                }
            ],
            "container-title": "Twitter",
            "genre": "Tweet",
            "id": "evansDebuggingStrategyCome2022",
            "issued": {
                "date-parts": [
                    [
                        2022,
                        8
                    ]
                ]
            },
            "title": "Debugging strategy: Come up with one question https://t.co/2Lytzl4laQ",
            "title-short": "Debugging strategy",
            "type": ""
        },
        {
            "URL": "https://twitter.com/b0rk/status/1549164800978059264",
            "accessed": {
                "date-parts": [
                    [
                        2022,
                        9,
                        21
                    ]
                ]
            },
            "author": [
                {
                    "family": "Evans",
                    "given": "Julia"
                }
            ],
            "container-title": "Twitter",
            "genre": "Tweet",
            "id": "evansDebuggingStrategyShorten2022",
            "issued": {
                "date-parts": [
                    [
                        2022,
                        7
                    ]
                ]
            },
            "title": "Debugging strategy: Shorten your feedback loop https://t.co/1cByDlafsK",
            "title-short": "Debugging strategy",
            "type": ""
        },
        {
            "URL": "https://twitter.com/b0rk/status/1547247776001654786",
            "accessed": {
                "date-parts": [
                    [
                        2022,
                        9,
                        21
                    ]
                ]
            },
            "author": [
                {
                    "family": "Evans",
                    "given": "Julia"
                }
            ],
            "container-title": "Twitter",
            "genre": "Tweet",
            "id": "evansDebuggingStrategyWrite2022a",
            "issued": {
                "date-parts": [
                    [
                        2022,
                        7
                    ]
                ]
            },
            "title": "Debugging strategy: Write a tiny program https://t.co/Kajr5ZyeIp",
            "title-short": "Debugging strategy",
            "type": ""
        },
        {
            "URL": "https://twitter.com/b0rk/status/1545099244238946304",
            "accessed": {
                "date-parts": [
                    [
                        2022,
                        9,
                        21
                    ]
                ]
            },
            "author": [
                {
                    "family": "Evans",
                    "given": "Julia"
                }
            ],
            "container-title": "Twitter",
            "genre": "Tweet",
            "id": "evansDebuggingStrategyChange2022",
            "issued": {
                "date-parts": [
                    [
                        2022,
                        7
                    ]
                ]
            },
            "title": "Debugging strategy: Change working code into broken code https://t.co/1T5uNDDFs0",
            "title-short": "Debugging strategy",
            "type": ""
        },
        {
            "URL": "https://forge.medium.com/the-500-year-old-piece-of-advice-that-will-change-your-life-1e580f115731",
            "abstract": "Can the wisdom of 17th-century philosopher René Descartes help you sort out your life?",
            "accessed": {
                "date-parts": [
                    [
                        2022,
                        9,
                        21
                    ]
                ]
            },
            "author": [
                {
                    "family": "Grimes",
                    "given": "Shaunta"
                }
            ],
            "container-title": "Forge",
            "id": "grimesThis500YearOldPiece2019",
            "issued": {
                "date-parts": [
                    [
                        2019,
                        12
                    ]
                ]
            },
            "title": "This 500-Year-Old Piece of Advice Can Help You Solve Your Modern Problems",
            "type": ""
        },
        {
            "URL": "https://r4ds.had.co.nz/",
            "accessed": {
                "date-parts": [
                    [
                        2022,
                        5,
                        9
                    ]
                ]
            },
            "author": [
                {
                    "family": "Grolemund",
                    "given": "Garrett"
                },
                {
                    "family": "Wickham",
                    "given": "Hadley"
                }
            ],
            "edition": "1",
            "id": "r4ds",
            "issued": {
                "date-parts": [
                    [
                        2017
                    ]
                ]
            },
            "publisher": "O’Reilly Media",
            "title": "R for Data Science",
            "type": "book"
        },
        {
            "ISBN": "0-8153-8457-2",
            "URL": "http://adv-r.had.co.nz/",
            "accessed": {
                "date-parts": [
                    [
                        2022,
                        5,
                        9
                    ]
                ]
            },
            "author": [
                {
                    "family": "Wickham",
                    "given": "Hadley"
                }
            ],
            "edition": "2",
            "id": "advr",
            "issued": {
                "date-parts": [
                    [
                        2019
                    ]
                ]
            },
            "publisher": "CRC Press",
            "title": "Advanced R",
            "type": "book"
        },
        {
            "ISBN": "978-0-596-00167-4",
            "URL": "https://learning.oreilly.com/library/view/python-cookbook/0596001673/ch05s24.html",
            "accessed": {
                "date-parts": [
                    [
                        2022,
                        5,
                        31
                    ]
                ]
            },
            "author": [
                {
                    "family": "Martelli",
                    "given": "Alex"
                },
                {
                    "family": "Ascher",
                    "given": "David"
                }
            ],
            "id": "martelliPythonCookbook2002",
            "issued": {
                "date-parts": [
                    [
                        2002
                    ]
                ]
            },
            "publisher": "O’Reilly Media",
            "title": "Python Cookbook",
            "type": "book"
        },
        {
            "URL": "https://en.wikibooks.org/wiki/Python_Programming",
            "accessed": {
                "date-parts": [
                    [
                        2022,
                        5,
                        28
                    ]
                ]
            },
            "author": [
                {
                    "literal": "Quartz25"
                },
                {
                    "literal": "Jesdisciple"
                },
                {
                    "family": "Röst",
                    "given": "Hannes"
                },
                {
                    "family": "Ross",
                    "given": "David"
                },
                {
                    "family": "D’Oliveiro",
                    "given": "Lawrence"
                },
                {
                    "literal": "BLibrestez55"
                }
            ],
            "id": "PythonProgramming",
            "issued": {
                "date-parts": [
                    [
                        2016
                    ]
                ]
            },
            "publisher": "Wikibooks",
            "title": "Python Programming",
            "type": "book"
        },
        {
            "URL": "https://www.R-project.org/",
            "author": [
                {
                    "literal": "R Core Team"
                }
            ],
            "id": "R-base",
            "issued": {
                "date-parts": [
                    [
                        2020
                    ]
                ]
            },
            "publisher": "R Foundation for Statistical Computing",
            "publisher-place": "Vienna, Austria",
            "title": "R: A language and environment for statistical computing",
            "title-short": "R",
            "type": "book"
        },
        {
            "URL": "https://CRAN.R-project.org/package=bookdown",
            "author": [
                {
                    "family": "Xie",
                    "given": "Yihui"
                }
            ],
            "id": "R-bookdown",
            "issued": {
                "date-parts": [
                    [
                        2020
                    ]
                ]
            },
            "note": "R package version 0.17",
            "title": "Bookdown: Authoring books and technical documents with r markdown",
            "title-short": "Bookdown",
            "type": "book"
        },
        {
            "URL": "https://CRAN.R-project.org/package=knitr",
            "author": [
                {
                    "family": "Xie",
                    "given": "Yihui"
                }
            ],
            "id": "R-knitr",
            "issued": {
                "date-parts": [
                    [
                        2020
                    ]
                ]
            },
            "note": "R package version 1.28",
            "title": "Knitr: A general-purpose package for dynamic report generation in r",
            "title-short": "Knitr",
            "type": "book"
        },
        {
            "URL": "https://CRAN.R-project.org/package=rmarkdown",
            "author": [
                {
                    "family": "Allaire",
                    "given": "JJ"
                },
                {
                    "family": "Xie",
                    "given": "Yihui"
                },
                {
                    "family": "McPherson",
                    "given": "Jonathan"
                },
                {
                    "family": "Luraschi",
                    "given": "Javier"
                },
                {
                    "family": "Ushey",
                    "given": "Kevin"
                },
                {
                    "family": "Atkins",
                    "given": "Aron"
                },
                {
                    "family": "Wickham",
                    "given": "Hadley"
                },
                {
                    "family": "Cheng",
                    "given": "Joe"
                },
                {
                    "family": "Chang",
                    "given": "Winston"
                },
                {
                    "family": "Iannone",
                    "given": "Richard"
                }
            ],
            "id": "R-rmarkdown",
            "issued": {
                "date-parts": [
                    [
                        2020
                    ]
                ]
            },
            "note": "R package version 2.1",
            "title": "Rmarkdown: Dynamic documents for r",
            "title-short": "Rmarkdown",
            "type": "book"
        },
        {
            "URL": "https://CRAN.R-project.org/package=SASmarkdown",
            "author": [
                {
                    "family": "Hemken",
                    "given": "Doug"
                }
            ],
            "id": "R-SASmarkdown",
            "issued": {
                "date-parts": [
                    [
                        2017
                    ]
                ]
            },
            "note": "R package version 0.4.3",
            "title": "SASmarkdown: ’SAS’ markdown",
            "title-short": "SASmarkdown",
            "type": "book"
        },
        {
            "URL": "https://github.com/rstudio/bookdown",
            "author": [
                {
                    "family": "Xie",
                    "given": "Yihui"
                }
            ],
            "id": "bookdown2016",
            "issued": {
                "date-parts": [
                    [
                        2016
                    ]
                ]
            },
            "note": "ISBN 978-1138700109",
            "publisher": "Chapman; Hall/CRC",
            "publisher-place": "Boca Raton, Florida",
            "title": "Bookdown: Authoring books and technical documents with R markdown",
            "title-short": "Bookdown",
            "type": "book"
        },
        {
            "URL": "https://yihui.org/knitr/",
            "author": [
                {
                    "family": "Xie",
                    "given": "Yihui"
                }
            ],
            "edition": "2nd",
            "id": "knitr2015",
            "issued": {
                "date-parts": [
                    [
                        2015
                    ]
                ]
            },
            "note": "ISBN 978-1498716963",
            "publisher": "Chapman; Hall/CRC",
            "publisher-place": "Boca Raton, Florida",
            "title": "Dynamic documents with R and knitr",
            "type": "book"
        },
        {
            "URL": "http://www.crcpress.com/product/isbn/9781466561595",
            "author": [
                {
                    "family": "Xie",
                    "given": "Yihui"
                }
            ],
            "container-title": "Implementing reproducible computational research",
            "editor": [
                {
                    "family": "Stodden",
                    "given": "Victoria"
                },
                {
                    "family": "Leisch",
                    "given": "Friedrich"
                },
                {
                    "family": "Peng",
                    "given": "Roger D."
                }
            ],
            "id": "knitr2014",
            "issued": {
                "date-parts": [
                    [
                        2014
                    ]
                ]
            },
            "note": "ISBN 978-1466561595",
            "publisher": "Chapman; Hall/CRC",
            "title": "Knitr: A comprehensive tool for reproducible research in R",
            "title-short": "Knitr",
            "type": "chapter"
        },
        {
            "URL": "https://bookdown.org/yihui/rmarkdown",
            "author": [
                {
                    "family": "Xie",
                    "given": "Yihui"
                },
                {
                    "family": "Allaire",
                    "given": "J. J."
                },
                {
                    "family": "Grolemund",
                    "given": "Garrett"
                }
            ],
            "id": "rmarkdown2018",
            "issued": {
                "date-parts": [
                    [
                        2018
                    ]
                ]
            },
            "note": "ISBN 9781138359338",
            "publisher": "Chapman; Hall/CRC",
            "publisher-place": "Boca Raton, Florida",
            "title": "R markdown: The definitive guide",
            "title-short": "R markdown",
            "type": "book"
        },
        {
            "URL": "https://CRAN.R-project.org/package=cowplot",
            "author": [
                {
                    "family": "Wilke",
                    "given": "Claus O."
                }
            ],
            "id": "cowplot",
            "issued": {
                "date-parts": [
                    [
                        2020
                    ]
                ]
            },
            "note": "R package version 1.1.1",
            "title": "Cowplot: Streamlined plot theme and plot annotations for ’ggplot2’",
            "title-short": "Cowplot",
            "type": "book"
        },
        {
            "URL": "https://CRAN.R-project.org/package=patchwork",
            "author": [
                {
                    "family": "Pedersen",
                    "given": "Thomas Lin"
                }
            ],
            "id": "patchwork",
            "issued": {
                "date-parts": [
                    [
                        2022
                    ]
                ]
            },
            "note": "R package version 1.1.2",
            "title": "Patchwork: The composer of plots",
            "title-short": "Patchwork",
            "type": "book"
        },
        {
            "URL": "https://github.com/ponnhide/patchworklib",
            "abstract": "Patchwork for matplotlib: A subplot manager for intuitive layouts in matplotlib, seaborn, and plotnine.",
            "accessed": {
                "date-parts": [
                    [
                        2022,
                        9,
                        19
                    ]
                ]
            },
            "author": [
                {
                    "family": "Mori",
                    "given": "Hideto"
                }
            ],
            "id": "moriPatchworklib2022",
            "issued": {
                "date-parts": [
                    [
                        2022,
                        9
                    ]
                ]
            },
            "keyword": "matplotlib, plotnine, seaborn, visualization",
            "note": "original-date: 2021-11-06T20:04:59Z",
            "title": "Patchworklib",
            "type": ""
        },
        {
            "URL": "https://CRAN.R-project.org/package=rayshader",
            "author": [
                {
                    "family": "Morgan-Wall",
                    "given": "Tyler"
                }
            ],
            "id": "rayshader",
            "issued": {
                "date-parts": [
                    [
                        2021
                    ]
                ]
            },
            "note": "R package version 0.24.10",
            "title": "Rayshader: Create maps and visualize data in 2D and 3D",
            "title-short": "Rayshader",
            "type": "book"
        },
        {
            "URL": "https://CRAN.R-project.org/package=naniar",
            "annote": "R package version 0.6.1",
            "author": [
                {
                    "family": "Tierney",
                    "given": "Nicholas"
                },
                {
                    "family": "Cook",
                    "given": "Di"
                },
                {
                    "family": "McBain",
                    "given": "Miles"
                },
                {
                    "family": "Fay",
                    "given": "Colin"
                }
            ],
            "id": "tierneyNaniarDataStructures2021",
            "issued": {
                "date-parts": [
                    [
                        2021
                    ]
                ]
            },
            "title": "Naniar: Data structures, summaries, and visualisations for missing data",
            "title-short": "Naniar",
            "type": "book"
        },
        {
            "URL": "https://CRAN.R-project.org/package=janitor",
            "author": [
                {
                    "family": "Firke",
                    "given": "Sam"
                }
            ],
            "id": "janitorpkg",
            "issued": {
                "date-parts": [
                    [
                        2021
                    ]
                ]
            },
            "note": "R package version 2.1.0",
            "title": "Janitor: Simple tools for examining and cleaning dirty data",
            "title-short": "Janitor",
            "type": "book"
        },
        {
            "URL": "https://github.com/machow/nycflights13",
            "accessed": {
                "date-parts": [
                    [
                        2022,
                        6,
                        30
                    ]
                ]
            },
            "author": [
                {
                    "family": "Chow",
                    "given": "Michael"
                }
            ],
            "id": "chowNycflights13DataPackage2020",
            "issued": {
                "date-parts": [
                    [
                        2020
                    ]
                ]
            },
            "keyword": "package",
            "title": "nycflights13: A data package for nyc flights (the nycflights13 R package)",
            "title-short": "nycflights13",
            "type": ""
        },
        {
            "URL": "https://pwwang.github.io/datar/",
            "accessed": {
                "date-parts": [
                    [
                        2022,
                        6,
                        30
                    ]
                ]
            },
            "author": [
                {
                    "literal": "pwwang"
                }
            ],
            "id": "pwwangDatarGrammarData2022",
            "issued": {
                "date-parts": [
                    [
                        2022,
                        5
                    ]
                ]
            },
            "title": "Datar: A Grammar of Data Manipulation in python",
            "title-short": "Datar",
            "type": ""
        },
        {
            "DOI": "10.5281/zenodo.3960218",
            "URL": "https://allisonhorst.github.io/palmerpenguins/",
            "author": [
                {
                    "family": "Horst",
                    "given": "Allison Marie"
                },
                {
                    "family": "Hill",
                    "given": "Alison Presmanes"
                },
                {
                    "family": "Gorman",
                    "given": "Kristen B"
                }
            ],
            "id": "palmerpenguins",
            "issued": {
                "date-parts": [
                    [
                        2020
                    ]
                ]
            },
            "note": "R package version 0.1.0",
            "title": "Palmerpenguins: Palmer archipelago (antarctica) penguin data",
            "title-short": "Palmerpenguins",
            "type": "book"
        },
        {
            "URL": "https://CRAN.R-project.org/package=latex2exp",
            "author": [
                {
                    "family": "Meschiari",
                    "given": "Stefano"
                }
            ],
            "id": "latex2exp",
            "issued": {
                "date-parts": [
                    [
                        2022
                    ]
                ]
            },
            "note": "R package version 0.9.4",
            "title": "latex2exp: Use LaTeX expressions in plots",
            "title-short": "latex2exp",
            "type": "book"
        },
        {
            "URL": "https://seaborn.pydata.org/",
            "accessed": {
                "date-parts": [
                    [
                        2022,
                        8,
                        29
                    ]
                ]
            },
            "author": [
                {
                    "family": "Waskom",
                    "given": "Michael"
                }
            ],
            "container-title": "Seaborn data visualization library",
            "id": "waskomSeaborn2022",
            "issued": {
                "date-parts": [
                    [
                        2022
                    ]
                ]
            },
            "title": "Seaborn",
            "type": ""
        },
        {
            "URL": "https://asteves.github.io/tayloRswift/",
            "author": [
                {
                    "family": "Stephenson",
                    "given": "Alex"
                }
            ],
            "id": "taylorswift",
            "issued": {
                "date-parts": [
                    [
                        2022
                    ]
                ]
            },
            "note": "R package version 0.1.0",
            "title": "tayloRswift: Color palettes generated by taylor swift albums",
            "title-short": "tayloRswift",
            "type": "book"
        },
        {
            "URL": "https://CRAN.R-project.org/package=wesanderson",
            "author": [
                {
                    "family": "Ram",
                    "given": "Karthik"
                },
                {
                    "family": "Wickham",
                    "given": "Hadley"
                }
            ],
            "id": "wesanderson",
            "issued": {
                "date-parts": [
                    [
                        2018
                    ]
                ]
            },
            "note": "R package version 0.3.6",
            "title": "Wesanderson: A wes anderson palette generator",
            "title-short": "Wesanderson",
            "type": "book"
        },
        {
            "URL": "https://CRAN.R-project.org/package=ghibli",
            "author": [
                {
                    "family": "Henderson",
                    "given": "Ewen"
                }
            ],
            "id": "ghibli",
            "issued": {
                "date-parts": [
                    [
                        2022
                    ]
                ]
            },
            "note": "R package version 0.3.3",
            "title": "Ghibli: Studio ghibli colour palettes",
            "title-short": "Ghibli",
            "type": "book"
        },
        {
            "URL": "https://CRAN.R-project.org/package=earthtones",
            "author": [
                {
                    "family": "Cornwell",
                    "given": "Will"
                },
                {
                    "family": "Lyons",
                    "given": "Mitch"
                },
                {
                    "family": "Murray",
                    "given": "Nick"
                }
            ],
            "id": "earthtones",
            "issued": {
                "date-parts": [
                    [
                        2019
                    ]
                ]
            },
            "note": "R package version 0.1.1",
            "title": "Earthtones: Derive a color palette from a particular location on earth",
            "title-short": "Earthtones",
            "type": "book"
        },
        {
            "URL": "https://github.com/AndreaCirilloAC/paletter",
            "author": [
                {
                    "family": "Cirillo",
                    "given": "Andrea"
                }
            ],
            "id": "paletter",
            "issued": {
                "date-parts": [
                    [
                        2022
                    ]
                ]
            },
            "note": "R package version 0.0.0.9000",
            "title": "Paletter: Make a palette from your image",
            "title-short": "Paletter",
            "type": "book"
        },
        {
            "URL": "https://CRAN.R-project.org/package=renv",
            "author": [
                {
                    "family": "Ushey",
                    "given": "Kevin"
                }
            ],
            "id": "renv",
            "issued": {
                "date-parts": [
                    [
                        2022
                    ]
                ]
            },
            "note": "R package version 0.15.5",
            "title": "Renv: Project environments",
            "title-short": "Renv",
            "type": "book"
        },
        {
            "DOI": "10.21105/joss.01686",
            "author": [
                {
                    "family": "Wickham",
                    "given": "Hadley"
                },
                {
                    "family": "Averick",
                    "given": "Mara"
                },
                {
                    "family": "Bryan",
                    "given": "Jennifer"
                },
                {
                    "family": "Chang",
                    "given": "Winston"
                },
                {
                    "family": "McGowan",
                    "given": "Lucy D’Agostino"
                },
                {
                    "family": "François",
                    "given": "Romain"
                },
                {
                    "family": "Grolemund",
                    "given": "Garrett"
                },
                {
                    "family": "Hayes",
                    "given": "Alex"
                },
                {
                    "family": "Henry",
                    "given": "Lionel"
                },
                {
                    "family": "Hester",
                    "given": "Jim"
                },
                {
                    "family": "Kuhn",
                    "given": "Max"
                },
                {
                    "family": "Pedersen",
                    "given": "Thomas Lin"
                },
                {
                    "family": "Miller",
                    "given": "Evan"
                },
                {
                    "family": "Bache",
                    "given": "Stephan Milton"
                },
                {
                    "family": "Müller",
                    "given": "Kirill"
                },
                {
                    "family": "Ooms",
                    "given": "Jeroen"
                },
                {
                    "family": "Robinson",
                    "given": "David"
                },
                {
                    "family": "Seidel",
                    "given": "Dana Paige"
                },
                {
                    "family": "Spinu",
                    "given": "Vitalie"
                },
                {
                    "family": "Takahashi",
                    "given": "Kohske"
                },
                {
                    "family": "Vaughan",
                    "given": "Davis"
                },
                {
                    "family": "Wilke",
                    "given": "Claus"
                },
                {
                    "family": "Woo",
                    "given": "Kara"
                },
                {
                    "family": "Yutani",
                    "given": "Hiroaki"
                }
            ],
            "container-title": "Journal of Open Source Software",
            "id": "tidyverse",
            "issue": "43",
            "issued": {
                "date-parts": [
                    [
                        2019
                    ]
                ]
            },
            "page": "1686",
            "title": "Welcome to the tidyverse",
            "type": "article-journal",
            "volume": "4"
        },
        {
            "URL": "https://CRAN.R-project.org/package=reticulate",
            "author": [
                {
                    "family": "Ushey",
                    "given": "Kevin"
                },
                {
                    "family": "Allaire",
                    "given": "JJ"
                },
                {
                    "family": "Tang",
                    "given": "Yuan"
                }
            ],
            "id": "reticulate",
            "issued": {
                "date-parts": [
                    [
                        2022
                    ]
                ]
            },
            "note": "R package version 1.26",
            "title": "Reticulate: Interface to ’python’",
            "title-short": "Reticulate",
            "type": "book"
        }
    ],
    "project_biblios": [
        "references.bib",
        "packages.bib"
    ]
}