"Anim","Sex","Loca","Leng","Head","Ear","Arm","Leg","Pes","Tail","Weight","Age"
45,1,"G",NA,123,NA,59,69,59,93,NA,14
45,1,"G",NA,178,54,90,120,92,185,NA,28
45,1,"G",NA,250,92,130,210,142,307,NA,49
45,1,"G",NA,324,108,174,284,205,454,290,69
45,1,"G",NA,369,129,198,340,257,568,410,83
45,1,"G",NA,408,155,237,411,308,648,570,97
45,1,"G",NA,445,174,256,480,365,743,760,111
45,1,"G",NA,485,208,283,554,439,878,1000,125
45,1,"G",NA,515,223,313,638,515,1025,1270,139
45,1,"G",NA,552,255,355,753,621,1200,1710,153
45,1,"G",NA,595,329,406,870,737,1430,2350,168
45,1,"G",NA,631,347,458,985,852,1680,3130,181
45,1,"G",NA,670,427,507,1087,958,2040,4270,195
45,1,"G",NA,710,460,551,1198,1054,2370,6090,209
45,1,"G",NA,746,480,594,1279,1121,2780,8340,223
45,1,"G",NA,771,537,623,1362,1181,3080,11130,237
45,1,"G",NA,811,554,650,1445,1203,3120,13430,251
45,1,"G",NA,869,571,695,1557,1240,3320,20435,279
45,1,"G",NA,883,559,710,1550,1240,3470,23220,293
45,1,"G",NA,929,530,754,1613,1279,3720,26930,307
45,1,"G",NA,923,567,771,1679,1294,3670,29520,321
45,1,"G",NA,964,601,791,1728,1314,3630,32540,335
45,1,"G",NA,977,587,796,1753,1342,3920,31500,349
45,1,"G",NA,979,625,817,1750,1352,3930,31500,363
45,1,"G",844,965,601,830,1782,1361,3820,33000,377
45,1,"G",855,983,629,870,1820,1372,4210,NA,405
45,1,"G",873,1000,604,867,1878,1376,4090,36000,432
45,1,"G",902,1026,591,914,1900,1393,4220,41500,482
45,1,"G",905,1028,620,932,1911,1395,4180,42500,517
45,1,"G",909,1041,627,940,1925,1403,4420,43000,552
45,1,"G",928,1043,622,951,1967,1380,4190,46000,580
45,1,"G",952,1053,634,971,2010,1451,4400,49000,615
45,1,"G",978,1050,643,990,2035,1449,4340,51500,648
45,1,"G",975,1064,644,1000,2050,1441,4470,54500,671
45,1,"G",972,1100,634,1024,2028,1434,4360,54500,708
45,1,"G",977,1076,642,1039,2054,1443,4690,52500,733
45,1,"G",982,1095,650,1054,2083,1463,4700,55500,762
45,1,"G",1000,1101,668,1072,2077,1468,4790,55000,797
45,1,"G",1013,1115,675,1078,2123,1475,4770,58000,846
45,1,"G",1020,1101,660,1091,2134,1465,4920,55500,895
45,1,"G",1027,1127,663,1093,2139,1469,4910,57000,925
45,1,"G",1052,1124,660,1108,2162,1472,4810,57000,952
45,1,"G",1037,1116,660,1113,2142,1489,4970,60000,978
45,1,"G",1036,1121,681,1124,2201,1474,4800,63000,1021
45,1,"G",1043,1137,666,1144,2189,1468,4870,64000,1069
45,1,"G",1037,1135,668,1158,2171,1470,4940,62000,1098
45,1,"G",1049,1153,655,1166,2208,1471,5030,62500,1132
45,1,"G",1050,1138,675,1164,2173,1470,4940,60000,1174
45,1,"G",1054,1146,672,1167,2227,1494,5170,NA,1267
47,1,"G",NA,90,NA,45,NA,NA,NA,NA,4
47,1,"G",NA,145,NA,75,83,78,135,NA,18
47,1,"G",NA,220,72,119,172,122,264,NA,39
47,1,"G",NA,289,103,160,254,185,422,230,59
47,1,"G",NA,337,124,185,313,230,545,330,73
47,1,"G",NA,383,142,213,382,284,583,500,87
47,1,"G",NA,424,170,239,457,335,722,650,101
47,1,"G",NA,457,186,273,529,402,819,850,115
47,1,"G",NA,493,216,298,596,448,960,1050,129
47,1,"G",NA,532,240,330,681,554,1080,1320,143
47,1,"G",NA,573,267,373,798,650,1250,1730,158
47,1,"G",NA,604,333,422,885,766,1440,2270,171
47,1,"G",NA,656,389,469,1024,863,1720,3140,185
47,1,"G",NA,692,449,521,1161,992,2000,4750,199
47,1,"G",NA,742,484,573,1277,1092,2440,7150,213
47,1,"G",NA,777,518,611,1366,1149,2730,9730,227
47,1,"G",NA,804,545,640,1443,1180,3040,12960,241
47,1,"G",NA,855,522,650,1565,1204,3080,18860,269
47,1,"G",NA,888,549,694,1583,1232,3250,22220,283
47,1,"G",NA,912,551,714,1638,1264,3250,24710,297
47,1,"G",NA,954,588,764,1668,1301,3480,28360,311
47,1,"G",NA,957,600,768,1749,1311,3670,30580,325
47,1,"G",NA,970,612,802,1776,1330,3780,30830,339
47,1,"G",NA,986,608,815,1836,1376,3810,32450,353
47,1,"G",NA,971,616,836,1852,1385,3880,34000,367
47,1,"G",860,1009,613,861,1871,1381,3970,35500,395
47,1,"G",863,1006,623,887,1916,1397,4020,37000,421
47,1,"G",890,1025,636,912,1936,1406,4210,40500,471
47,1,"G",901,1047,632,931,1998,1416,4270,43000,506
47,1,"G",920,1050,642,937,2008,1415,4300,45000,541
47,1,"G",920,1074,644,959,2046,1423,4320,50000,569
47,1,"G",963,1069,668,980,2072,1451,4330,52500,604
47,1,"G",965,1081,670,1007,2131,1459,4380,55000,637
47,1,"G",982,1090,660,1023,2133,1451,4470,57500,660
47,1,"G",973,1114,650,1046,2148,1458,4490,59000,697
47,1,"G",978,1106,694,1053,2122,1464,4670,53500,723
47,1,"G",1002,1119,673,1076,2158,1471,4760,58000,752
47,1,"G",1008,1114,679,1092,2183,1462,4830,59000,787
47,1,"G",1020,1128,707,1102,2213,1461,4780,60000,836
47,1,"G",1020,1122,679,1107,2218,1465,4910,58500,885
47,1,"G",1025,1149,694,1117,2220,1475,4870,60000,913
47,1,"G",1030,1186,702,1117,2231,1454,4950,62500,942
47,1,"G",1028,1135,668,1132,2221,1458,4810,67000,968
47,1,"G",1052,1157,685,1145,2243,1453,4770,69000,1011
47,1,"G",1048,1184,689,1156,2261,1480,4870,67000,1059
47,1,"G",1059,1164,690,1172,2264,1464,4940,65000,1088
47,1,"G",1053,1169,697,1177,2265,1476,4940,66500,1122
47,1,"G",1054,1151,704,1181,2252,1491,5030,66500,1164
47,1,"G",1074,1163,685,1192,2271,1476,4850,62500,1286
53,2,"G",NA,78,NA,NA,NA,NA,NA,NA,0
53,2,"G",NA,139,NA,68,84,67,133,NA,17
53,2,"G",NA,212,80,115,160,116,260,NA,37
53,2,"G",NA,257,94,135,213,152,348,145,51
53,2,"G",NA,306,110,166,274,210,451,250,65
53,2,"G",NA,355,127,185,329,250,524,370,79
53,2,"G",NA,389,148,213,396,303,597,510,93
53,2,"G",NA,430,171,236,472,362,717,670,107
53,2,"G",NA,470,190,264,545,417,851,810,121
53,2,"G",NA,503,237,300,636,507,980,1070,136
53,2,"G",NA,531,274,330,720,594,1160,1410,149
53,2,"G",NA,577,295,373,819,676,1280,1700,163
53,2,"G",NA,606,359,420,935,806,1580,2510,177
53,2,"G",NA,648,401,459,1044,902,1830,3360,191
53,2,"G",NA,682,423,507,1145,1001,2160,4500,205
53,2,"G",NA,723,473,543,1250,1074,2390,6170,219
53,2,"G",NA,805,557,596,1332,1131,2960,11370,247
53,2,"G",NA,817,550,619,1402,1130,3150,14110,261
53,2,"G",NA,827,538,635,1469,1180,2970,16460,275
53,2,"G",NA,867,545,665,1549,1208,3360,18920,289
53,2,"G",NA,867,563,696,1605,1246,3290,21220,303
53,2,"G",NA,871,594,716,1630,1289,3410,21450,317
53,2,"G",NA,922,594,721,1640,1278,3480,22520,331
53,2,"G",NA,894,581,739,1664,1294,3750,24050,345
53,2,"G",NA,920,590,758,1690,1308,3820,25160,359
53,2,"G",785,929,577,773,1712,1292,3540,26000,373
53,2,"G",805,943,584,765,1754,1302,3740,27500,400
53,2,"G",824,966,604,812,1804,1318,3800,31500,450
53,2,"G",837,965,596,817,1816,1328,3750,34500,485
53,2,"G",844,994,598,833,1850,1336,3930,37500,520
53,2,"G",864,995,600,854,1874,1333,3910,40500,540
53,2,"G",876,993,614,850,1882,1354,3840,40500,583
53,2,"G",878,988,614,855,1914,1372,3920,40000,616
53,2,"G",892,1007,615,865,1935,1381,3980,40500,639
53,2,"G",892,1010,622,878,1943,1395,3970,40000,674
53,2,"G",902,1007,623,887,1947,1370,4190,38000,701
53,2,"G",892,1007,637,885,1949,1375,4100,39500,730
53,2,"G",906,1009,621,902,1970,1390,4280,38500,765
53,2,"G",921,1049,614,901,1984,1378,4280,43500,797
53,2,"G",911,1035,627,904,1975,1375,4360,38000,837
53,2,"G",921,1028,617,905,1990,1393,4350,39500,863
53,2,"G",930,1037,622,908,1978,1403,4350,39000,890
53,2,"G",916,1048,628,914,1999,1382,4330,42500,920
53,2,"G",932,1066,626,920,2007,1385,4220,44000,947
53,2,"G",934,1052,634,923,2037,1379,4420,48030,989
53,2,"G",921,1045,608,922,2020,1396,4450,46000,1038
53,2,"G",928,1014,626,936,2018,1388,4400,42000,1066
53,2,"G",929,1044,627,931,2016,1395,4430,45500,1100
53,2,"G",933,1042,646,931,2035,1391,4490,42500,1143
53,2,"G",941,1056,641,939,2027,1378,4470,40000,1297
57,2,"G",NA,72,NA,NA,NA,NA,NA,NA,0
57,2,"G",NA,100,NA,52,NA,NA,NA,NA,8
57,2,"G",NA,154,NA,73,90,75,156,NA,22
57,2,"G",NA,197,68,104,146,114,240,NA,36
57,2,"G",NA,250,93,143,207,142,312,155,50
57,2,"G",NA,305,116,157,266,196,430,240,64
57,2,"G",NA,350,130,187,336,245,550,370,78
57,2,"G",NA,396,156,216,413,310,657,560,93
57,2,"G",NA,438,177,250,481,375,758,780,106
57,2,"G",NA,478,205,276,564,450,900,960,120
57,2,"G",NA,520,244,313,668,522,1050,1410,134
57,2,"G",NA,558,276,357,759,628,1270,1860,148
57,2,"G",NA,603,321,408,893,756,1490,2580,162
57,2,"G",NA,642,384,451,1010,865,1750,3580,176
57,2,"G",NA,724,454,551,1236,1035,2440,7200,204
57,2,"G",NA,743,494,585,1316,1086,2730,9640,218
57,2,"G",NA,807,546,612,1415,1149,2850,12240,232
57,2,"G",NA,826,542,636,1419,1175,3020,15450,246
57,2,"G",NA,854,534,670,1535,1215,3440,18310,260
57,2,"G",NA,898,550,695,1570,1234,3440,20870,274
57,2,"G",NA,908,538,701,1622,1259,3590,21310,288
57,2,"G",NA,882,583,720,1653,1280,3660,21720,302
57,2,"G",NA,912,613,729,1675,1277,3770,23610,316
57,2,"G",NA,883,583,740,1683,1308,3810,24830,330
57,2,"G",NA,923,601,748,1695,1325,3830,25310,344
57,2,"G",796,936,581,794,1725,1286,3750,26500,357
57,2,"G",833,969,567,804,1799,1286,3750,32500,407
57,2,"G",842,979,614,821,1823,1314,3750,32500,442
57,2,"G",847,1006,616,817,1857,1302,4000,34500,477
57,2,"G",856,1006,616,829,1871,1300,3890,38000,505
57,2,"G",883,1009,624,842,1900,1353,3910,41000,540
57,2,"G",892,1014,631,853,1941,1348,3800,43000,573
57,2,"G",898,1025,633,848,1955,1350,3950,42000,596
57,2,"G",894,1021,634,868,1963,1368,4050,41000,631
57,2,"G",896,1044,639,886,1952,1344,4150,42000,658
57,2,"G",918,1043,661,875,1965,1348,4200,42500,687
57,2,"G",911,1045,643,899,2010,1356,4140,44500,722
57,2,"G",929,1057,656,902,2010,1361,4270,48500,765
57,2,"G",931,1076,656,913,2028,1379,4220,46000,794
57,2,"G",939,1056,658,908,2011,1351,4280,46500,819
57,2,"G",942,1046,654,901,2027,1365,4350,48000,847
57,2,"G",926,1056,634,907,2020,1364,4350,42000,876
57,2,"G",948,1065,662,909,2058,1360,4410,45500,903
57,2,"G",943,1068,654,918,2025,1349,4320,48000,945
57,2,"G",947,1072,662,924,2047,1360,4520,46000,994
57,2,"G",953,1069,656,929,2068,1385,4470,45000,1023
57,2,"G",957,1093,678,932,2076,1353,4490,45000,1051
57,2,"G",950,1067,667,930,2070,1335,4440,47000,1099
57,2,"G",974,1060,643,935,2110,1371,4280,NA,1214
65,2,"G",NA,64,NA,NA,NA,NA,NA,NA,0
65,2,"G",NA,130,NA,67,75,55,112,NA,16
65,2,"G",NA,177,60,94,129,95,205,NA,30
65,2,"G",NA,234,81,122,182,136,286,NA,44
65,2,"G",NA,284,108,147,243,183,400,200,58
65,2,"G",NA,330,115,176,305,228,495,280,71
65,2,"G",NA,380,142,205,378,278,608,440,86
65,2,"G",NA,406,155,219,412,317,656,560,93
65,2,"G",NA,478,210,278,575,450,910,1010,121
65,2,"G",NA,519,245,315,664,528,1038,1290,135
65,2,"G",NA,563,260,351,770,625,1260,1740,149
65,2,"G",NA,590,289,396,884,753,1520,2320,163
65,2,"G",NA,638,332,447,990,862,1740,3250,177
65,2,"G",NA,682,413,494,1109,973,2100,4460,191
65,2,"G",NA,720,468,564,1224,1045,2430,6260,205
65,2,"G",NA,754,500,603,1335,1156,2780,8420,219
65,2,"G",NA,802,510,613,1384,1164,2810,9840,228
65,2,"G",NA,799,557,622,1443,1206,3010,12290,240
65,2,"G",NA,847,545,653,1512,1219,3080,15300,254
65,2,"G",NA,861,568,663,1536,1237,3070,18030,268
65,2,"G",NA,889,564,697,1607,1280,3450,22060,287
65,2,"G",NA,914,582,714,1648,1290,3490,23640,296
65,2,"G",NA,924,568,727,1673,1311,3560,25700,310
65,2,"G",NA,953,603,741,1701,1320,3540,26680,317
65,2,"G",NA,948,580,752,1726,1317,3620,28530,331
65,2,"G",NA,961,592,757,1744,1356,3720,28470,345
65,2,"G",NA,962,596,773,1794,1330,3740,31000,359
65,2,"G",840,969,579,778,1780,1332,3840,32000,372
65,2,"G",858,994,595,811,1830,1349,4010,33000,401
65,2,"G",868,1002,598,825,1840,1345,4140,35000,436
65,2,"G",879,1019,612,835,1885,1356,4350,36000,479
65,2,"G",887,1015,627,844,1892,1378,4220,36000,508
65,2,"G",897,1032,609,845,1890,1397,4100,37000,533
65,2,"G",914,1033,598,860,1934,1363,4260,40000,561
65,2,"G",910,1042,607,864,1962,1388,4240,42000,590
65,2,"G",921,1048,698,871,1963,1426,4260,44500,617
65,2,"G",930,1056,629,884,1983,1384,4210,49000,659
65,2,"G",922,1058,623,901,2007,1410,4280,49000,708
65,2,"G",943,1070,633,907,2031,1387,4380,47000,737
65,2,"G",943,1072,624,913,2013,1406,4410,47500,765
65,2,"G",933,1067,627,918,2031,1391,4370,48500,813
65,2,"G",949,1085,635,926,2038,1381,4360,52500,968
79,2,"K",NA,65,NA,NA,NA,NA,NA,NA,0
79,2,"K",NA,96,NA,45,40,38,68,NA,5
79,2,"K",NA,115,NA,57,68,54,118,NA,12
79,2,"K",NA,219,70,116,180,132,297,NA,40
79,2,"K",NA,266,95,142,238,171,368,180,54
79,2,"K",NA,317,122,173,294,218,494,290,68
79,2,"K",NA,366,133,202,351,272,576,400,82
79,2,"K",NA,407,149,227,431,338,714,540,96
79,2,"K",NA,455,170,256,514,396,833,720,110
79,2,"K",NA,493,207,293,613,468,980,1010,124
79,2,"K",NA,537,223,328,703,586,1144,1390,138
79,2,"K",NA,556,249,355,779,631,1260,1600,147
79,2,"K",NA,590,286,393,884,732,1430,2080,159
79,2,"K",NA,666,332,447,1003,860,1720,2800,173
79,2,"K",NA,682,381,494,1124,981,2040,3920,187
79,2,"K",NA,736,498,568,1314,1135,2600,6400,206
79,2,"K",NA,766,488,588,1380,1151,2820,7820,215
79,2,"K",NA,809,554,625,1487,1235,3160,10650,230
79,2,"K",NA,817,568,647,1526,1240,3220,11900,236
79,2,"K",NA,841,594,662,1573,1287,3390,16030,250
79,2,"K",NA,877,615,682,1644,1312,3540,18920,264
79,2,"K",NA,894,611,699,1690,1322,3580,21020,278
79,2,"K",NA,916,607,718,1699,1326,3740,23850,291
79,2,"K",NA,923,640,746,1733,1345,3810,26360,307
79,2,"K",NA,933,621,738,1783,1338,3960,29270,320
79,2,"K",NA,950,643,754,1806,1351,4030,31340,334
79,2,"K",NA,991,667,780,1839,1374,4010,33730,355
79,2,"K",875,992,639,811,1902,1394,4280,40500,399
79,2,"K",882,1027,629,820,1923,1397,4240,42000,425
79,2,"K",880,1026,635,836,1955,1379,4260,45000,452
79,2,"K",916,1038,646,844,1978,1384,4360,47500,480
79,2,"K",913,1044,629,843,1988,1386,4310,48500,509
79,2,"K",909,1054,646,858,2032,1386,4320,51000,537
79,2,"K",916,1049,643,859,2023,1402,4420,50000,579
79,2,"K",929,1058,649,874,2058,1393,4580,51000,628
79,2,"K",933,1062,658,896,2061,1397,4580,48000,656
79,2,"K",935,1075,656,892,2071,1389,4670,52000,685
79,2,"K",954,1084,670,903,2061,1398,4630,58000,732
79,2,"K",978,1098,678,921,2122,1387,4570,64000,879
81,2,"K",NA,123,NA,60,75,58,106,NA,12
81,2,"K",NA,173,55,96,133,91,187,NA,26
81,2,"K",NA,226,90,122,185,128,307,NA,40
81,2,"K",NA,285,115,153,246,180,431,220,54
81,2,"K",NA,337,135,180,320,236,517,340,68
81,2,"K",NA,383,154,212,393,279,610,460,82
81,2,"K",NA,430,185,243,461,361,754,750,96
81,2,"K",NA,480,221,272,560,436,933,1004,110
81,2,"K",NA,506,231,299,625,504,1003,1270,119
81,2,"K",NA,548,277,335,716,560,1210,1650,131
81,2,"K",NA,583,308,388,844,720,1420,2340,145
81,2,"K",NA,628,380,444,984,830,1710,3140,159
81,2,"K",NA,701,476,520,1184,995,2260,4930,178
81,2,"K",NA,711,517,547,1232,1073,2450,5960,187
81,2,"K",NA,760,567,590,1368,1156,2820,7980,201
81,2,"K",NA,772,590,612,1397,1177,3020,9180,208
81,2,"K",NA,792,614,639,1487,1235,3180,11950,222
81,2,"K",NA,827,627,659,1525,1240,3370,15460,236
81,2,"K",NA,847,635,687,1591,1245,3480,18250,250
81,2,"K",NA,866,651,699,1649,1264,3460,21610,263
81,2,"K",NA,896,668,727,1700,1281,3790,24290,279
81,2,"K",NA,938,690,723,1738,1318,3890,26730,292
81,2,"K",NA,918,679,748,1767,1305,3870,28180,306
81,2,"K",NA,937,726,763,1827,1329,4040,31310,327
81,2,"K",851,970,687,804,1847,1361,4130,36000,371
81,2,"K",851,984,683,807,1892,1358,4120,38500,397
81,2,"K",888,987,689,831,1914,1358,4080,42000,424
81,2,"K",891,994,690,843,1951,1353,4080,45500,452
81,2,"K",896,1015,706,841,1971,1356,4090,45500,481
81,2,"K",906,1027,706,849,2029,1359,4170,47000,508
81,2,"K",904,1038,711,858,2008,1377,4300,45000,550
81,2,"K",914,1033,699,883,2037,1371,4440,46500,599
81,2,"K",927,1058,721,903,2054,1378,4530,45000,627
81,2,"K",941,1080,728,904,2073,1382,4520,49500,656
81,2,"K",952,1069,729,907,2064,1378,4530,52000,704
81,2,"K",965,1062,749,925,2140,1391,4590,60000,851
87,1,"G",NA,115,NA,56,50,37,74,NA,8
87,1,"G",NA,150,NA,75,94,67,146,NA,22
87,1,"G",NA,197,66,105,153,110,215,NA,36
87,1,"G",NA,250,89,134,205,142,332,140,50
87,1,"G",NA,309,106,163,262,195,435,200,64
87,1,"G",NA,350,125,184,328,247,554,370,78
87,1,"G",NA,394,144,216,393,311,648,590,92
87,1,"G",NA,419,170,236,446,344,719,660,101
87,1,"G",NA,467,189,263,525,405,816,900,113
87,1,"G",NA,510,222,298,513,483,1020,1240,127
87,1,"G",NA,542,235,338,724,589,1220,1640,141
87,1,"G",NA,605,311,404,889,770,1560,2540,160
87,1,"G",NA,624,366,440,965,841,1650,3140,169
87,1,"G",NA,663,422,490,1088,951,2010,4380,183
87,1,"G",NA,688,442,514,1145,1010,2120,5170,190
87,1,"G",NA,724,497,563,1263,1090,2540,7120,204
87,1,"G",NA,754,505,606,1371,1174,2790,9370,218
87,1,"G",NA,806,508,627,1432,1168,2930,11420,232
87,1,"G",NA,822,535,630,1505,1211,3060,14290,245
87,1,"G",NA,872,528,692,1588,1248,3310,18100,261
87,1,"G",NA,895,560,710,1638,1291,3590,22040,274
87,1,"G",NA,900,545,732,1664,1294,3460,25480,288
87,1,"G",NA,920,573,763,1725,1318,3630,29100,309
87,1,"G",849,962,601,818,1785,1340,3920,34500,353
87,1,"G",837,981,596,837,1803,1345,3860,36000,379
87,1,"G",847,1050,610,849,1852,1355,3970,37000,406
87,1,"G",875,1023,613,870,1887,1350,4010,40000,434
87,1,"G",887,1037,606,874,1951,1370,4020,42500,463
87,1,"G",910,1052,623,895,1949,1398,4020,46000,489
87,1,"G",919,1032,617,941,2001,1396,4270,47000,533
87,1,"G",967,1061,637,972,2049,1420,4370,51000,582
87,1,"G",951,1067,640,1015,2064,1446,4600,50000,610
87,1,"G",972,1065,645,1023,2092,1448,4730,49500,644
87,1,"G",961,1103,645,1030,2083,1445,4810,50000,686
92,2,"G",NA,64,NA,NA,NA,NA,NA,NA,0
92,2,"G",NA,124,NA,63,68,55,86,NA,14
92,2,"G",NA,174,55,94,126,97,210,NA,30
92,2,"G",NA,230,69,124,177,129,297,NA,43
92,2,"G",NA,279,100,143,259,177,378,190,57
92,2,"G",NA,350,135,191,349,256,551,390,78
92,2,"G",NA,496,186,281,572,457,970,1060,121
92,2,"G",NA,524,239,309,663,531,1150,1370,134
92,2,"G",NA,572,278,363,778,657,1290,1900,150
92,2,"G",NA,618,310,398,880,756,1480,2460,163
92,2,"G",NA,644,348,439,981,841,1700,3240,175
92,2,"G",NA,682,402,484,1095,953,1970,4240,189
92,2,"G",NA,723,420,531,1175,1038,2230,6030,203
92,2,"G",NA,767,488,564,1307,1111,2550,8350,218
92,2,"G",NA,790,501,615,1383,1154,2780,10410,232
92,2,"G",NA,814,521,619,1440,1179,2910,12800,245
92,2,"G",NA,836,554,633,1454,1202,2940,14860,259
92,2,"G",NA,866,559,659,1509,1225,3230,17440,273
92,2,"G",NA,887,560,660,1552,1246,3250,20620,287
92,2,"G",NA,902,572,687,1569,1263,3280,23300,301
92,2,"G",NA,946,593,703,1626,1257,3490,23680,315
92,2,"G",NA,965,573,745,1708,1301,3590,30030,337
92,2,"G",NA,972,595,763,1724,1323,3510,31160,350
92,2,"G",NA,982,601,780,1793,1335,3680,31450,364
92,2,"G",832,972,602,798,1762,1348,4030,31500,379
92,2,"G",865,1000,610,818,1840,1369,4180,34500,407
92,2,"G",878,1025,624,848,1875,1387,4140,39000,455
92,2,"G",917,1074,636,870,1939,1390,4410,41500,610
93,2,"W",NA,72,NA,NA,NA,NA,NA,NA,0
93,2,"W",NA,112,NA,60,62,60,96,NA,11
93,2,"W",NA,169,58,94,120,92,159,NA,27
93,2,"W",NA,220,83,122,177,125,295,NA,40
93,2,"W",NA,272,101,146,234,177,401,170,54
93,2,"W",NA,344,133,189,326,239,532,330,75
93,2,"W",NA,471,193,278,559,446,930,860,118
93,2,"W",NA,501,231,306,637,532,1050,1080,131
93,2,"W",NA,541,261,352,755,661,1250,1470,147
93,2,"W",NA,565,293,395,842,722,1470,1880,160
93,2,"W",NA,610,326,437,950,833,1710,2510,172
93,2,"W",NA,642,382,488,1052,955,2000,3610,186
93,2,"W",NA,667,379,519,1136,1038,2430,4540,200
93,2,"W",NA,705,475,540,1183,1052,2670,5560,215
93,2,"W",NA,731,508,570,1282,1099,2920,7580,229
93,2,"W",NA,758,499,590,1334,1118,3070,10010,242
93,2,"W",NA,784,523,613,1400,1132,3080,13200,256
93,2,"W",NA,805,529,625,1418,1147,3120,16910,270
93,2,"W",NA,829,515,647,1474,1183,3450,20090,284
93,2,"W",NA,844,562,675,1520,1193,3480,22680,298
93,2,"W",NA,861,549,709,1547,1205,3500,23920,312
93,2,"W",NA,884,577,716,1589,1216,3560,26250,334
93,2,"W",NA,882,544,709,1627,1217,3620,28620,347
93,2,"W",NA,897,550,725,1631,1249,3810,28100,361
93,2,"W",NA,906,564,755,1637,1254,3690,27500,376
93,2,"W",NA,910,570,753,1689,1254,3820,30500,404
93,2,"W",807,920,581,764,1696,1265,3790,33500,452
93,2,"W",850,941,590,801,1746,1328,3940,43500,607
94,2,"G",NA,65,NA,NA,NA,NA,NA,NA,0
94,2,"G",NA,106,NA,58,70,45,98,NA,11
94,2,"G",NA,160,52,94,107,87,184,NA,27
94,2,"G",NA,214,74,115,172,117,277,NA,40
94,2,"G",NA,266,96,134,224,163,378,180,54
94,2,"G",NA,344,129,182,320,233,508,360,75
94,2,"G",NA,478,195,272,550,436,910,990,118
94,2,"G",NA,508,224,297,624,508,1060,1230,131
94,2,"G",NA,543,260,343,752,629,1240,1690,147
94,2,"G",NA,580,276,388,854,724,1410,2310,160
94,2,"G",NA,629,352,428,949,835,1680,3050,172
94,2,"G",NA,657,377,478,1066,941,1970,4210,186
94,2,"G",NA,698,423,516,1157,1017,2320,5730,200
94,2,"G",NA,736,481,564,1260,1083,2570,7930,215
94,2,"G",NA,767,510,598,1341,1144,2760,9980,229
94,2,"G",NA,789,512,620,1390,1164,2850,12780,242
94,2,"G",NA,819,525,627,1445,1175,3170,15320,256
94,2,"G",NA,843,545,651,1465,1199,3260,17070,270
94,2,"G",NA,857,530,660,1515,1225,3160,20650,284
94,2,"G",NA,882,565,687,1594,1231,3270,23590,298
94,2,"G",NA,869,583,711,1612,1282,3480,26440,312
94,2,"G",NA,936,588,730,1678,1252,3430,29430,334
94,2,"G",NA,928,593,749,1697,1275,3470,28560,347
94,2,"G",NA,934,572,760,1724,1312,3540,27100,361
94,2,"G",827,947,590,769,1733,1282,3830,29000,376
94,2,"G",833,952,564,786,1752,1306,3920,30500,404
94,2,"G",854,965,588,801,1791,1297,3990,33500,452
94,2,"G",888,981,607,806,1859,1323,3910,NA,526
108,2,"Ha",NA,69,NA,NA,NA,NA,NA,NA,0
108,2,"Ha",NA,140,NA,70,82,65,142,NA,16
108,2,"Ha",NA,205,66,96,139,107,287,NA,30
108,2,"Ha",NA,272,104,138,225,170,343,NA,51
108,2,"Ha",NA,407,160,214,402,317,618,520,95
108,2,"Ha",NA,441,186,237,461,375,710,640,107
108,2,"Ha",NA,472,214,260,528,425,781,770,121
108,2,"Ha",NA,508,240,285,610,515,920,1000,135
108,2,"Ha",NA,540,287,326,694,587,1130,1300,148
108,2,"Ha",NA,583,273,368,818,692,1250,1770,162
108,2,"Ha",NA,622,335,415,940,831,1520,2380,176
108,2,"Ha",NA,663,392,467,1041,928,1830,NA,191
108,2,"Ha",NA,705,468,516,1156,1045,2130,4340,205
108,2,"Ha",NA,731,508,557,1250,1126,2430,5680,218
108,2,"Ha",NA,770,554,592,1366,1187,2780,7690,232
108,2,"Ha",NA,800,580,620,1427,1225,2850,10030,246
108,2,"Ha",NA,821,591,641,1505,1235,2960,13680,260
108,2,"Ha",NA,863,608,663,1539,1266,3220,16680,274
108,2,"Ha",NA,887,624,694,1603,1285,3220,18970,288
108,2,"Ha",NA,925,637,732,1656,1310,3490,23030,310
108,2,"Ha",NA,941,644,751,1693,1359,3540,24320,328
108,2,"Ha",NA,949,646,759,1719,1342,3480,25260,337
108,2,"Ha",NA,950,648,770,1759,1323,3590,25020,351
108,2,"Ha",NA,968,669,790,1768,1359,3770,27570,365
108,2,"Ha",809,973,658,801,1761,1371,3790,29500,380
108,2,"Ha",832,1003,680,830,1852,1372,3940,33500,428
108,2,"Ha",875,1054,711,859,1983,1391,4030,40000,575
113,2,"Ha",NA,110,NA,56,64,48,98,NA,10
113,2,"Ha",NA,165,54,79,114,89,183,NA,25
113,2,"Ha",NA,238,97,124,195,138,314,NA,46
113,2,"Ha",NA,370,139,198,359,276,620,430,90
113,2,"Ha",NA,400,177,216,416,329,686,500,102
113,2,"Ha",NA,453,199,259,489,371,790,930,116
113,2,"Ha",NA,483,228,272,581,468,950,960,130
113,2,"Ha",NA,526,273,314,662,540,1120,1260,143
113,2,"Ha",NA,562,300,351,783,638,1240,1650,157
113,2,"Ha",NA,607,329,399,885,755,1470,2220,171
113,2,"Ha",NA,632,382,447,997,875,1730,3080,186
113,2,"Ha",NA,676,461,502,1142,987,2000,4940,200
113,2,"Ha",NA,707,498,540,1231,1073,2370,6120,213
113,2,"Ha",NA,740,543,567,1322,1140,2870,8490,227
113,2,"Ha",NA,776,576,598,1420,1180,3000,11490,241
113,2,"Ha",NA,808,581,625,1482,1196,3050,15180,255
113,2,"Ha",NA,832,595,650,1519,1238,3310,18510,269
113,2,"Ha",NA,865,614,685,1576,1258,3350,21190,283
113,2,"Ha",NA,898,605,714,1684,1284,3540,24670,305
113,2,"Ha",NA,901,648,733,1689,1294,3530,26220,318
113,2,"Ha",NA,915,674,748,1722,1325,3670,26660,332
113,2,"Ha",NA,928,665,754,1746,1308,3680,26900,346
113,2,"Ha",NA,953,693,763,1763,1345,3830,29060,360
113,2,"Ha",815,939,658,788,1779,1348,3980,30000,375
113,2,"Ha",847,975,677,820,1838,1367,4010,36500,423
113,2,"Ha",885,1023,703,856,1996,1371,4220,44000,570
114,1,"G",NA,76,NA,NA,NA,NA,NA,NA,2
114,1,"G",NA,88,NA,70,72,64,117,NA,18
114,1,"G",NA,302,111,163,261,187,401,240,62
114,1,"G",NA,335,129,187,318,230,504,360,74
114,1,"G",NA,393,149,223,393,292,592,570,88
114,1,"G",NA,431,169,251,481,370,701,830,102
114,1,"G",NA,478,200,285,558,433,856,1030,115
114,1,"G",NA,526,225,324,654,521,1060,1440,129
114,1,"G",NA,559,247,359,764,634,1240,1840,143
114,1,"G",NA,597,308,410,871,737,1440,2430,158
114,1,"G",NA,648,365,463,996,860,1690,3500,172
114,1,"G",NA,682,397,520,1122,974,1980,4780,185
114,1,"G",NA,728,463,567,1243,1076,2420,6920,198
114,1,"G",NA,770,502,611,1330,1140,2580,9650,213
114,1,"G",NA,809,542,646,1421,1181,2750,12770,227
114,1,"G",NA,838,536,665,1454,1230,3040,16230,241
114,1,"G",NA,873,540,703,1575,1254,3140,19660,255
114,1,"G",NA,931,558,744,1642,1286,3370,25088,277
114,1,"G",NA,930,568,756,1654,1319,3470,26500,290
114,1,"G",NA,955,609,782,1740,1327,3440,27970,304
114,1,"G",NA,960,632,813,1758,1332,3570,29160,318
114,1,"G",NA,972,604,815,1782,1359,3840,31710,332
114,1,"G",841,976,622,853,1799,1372,3970,35000,347
114,1,"G",876,1015,648,880,1883,1384,4130,40000,395
114,1,"G",928,1079,678,967,2018,1427,4230,50500,542
116,1,"Ha",NA,137,NA,68,80,57,126,NA,17
116,1,"Ha",NA,272,113,148,241,178,382,170,61
116,1,"Ha",NA,310,125,167,288,217,487,250,73
116,1,"Ha",NA,355,139,193,342,270,547,350,87
116,1,"Ha",NA,391,165,220,413,328,666,510,101
116,1,"Ha",NA,432,188,244,479,378,760,680,114
116,1,"Ha",NA,478,217,280,561,460,930,903,128
116,1,"Ha",NA,517,241,319,670,575,1140,1230,142
116,1,"Ha",NA,560,294,360,784,674,1330,1700,157
116,1,"Ha",NA,606,323,411,913,814,1540,2330,171
116,1,"Ha",NA,647,380,459,1027,924,1830,3130,184
116,1,"Ha",NA,682,395,509,1165,1048,2190,4450,198
116,1,"Ha",NA,739,474,557,1287,1145,2550,6320,212
116,1,"Ha",NA,772,553,591,1359,1219,2870,8540,226
116,1,"Ha",NA,813,546,625,1461,1255,3180,11430,240
116,1,"Ha",NA,840,610,667,1520,1300,3440,15310,254
116,1,"Ha",NA,888,626,707,1635,1338,3640,21110,276
116,1,"Ha",NA,910,640,722,1674,1348,3770,23720,289
116,1,"Ha",NA,941,661,749,1727,1368,4010,25360,303
116,1,"Ha",NA,946,665,776,1788,1387,4140,27330,317
116,1,"Ha",NA,985,648,784,1833,1407,4210,30070,331
116,1,"Ha",NA,987,681,803,1815,1408,4190,32820,346
116,1,"Ha",NA,973,705,817,1856,1413,4160,33500,359
116,1,"Ha",NA,997,698,813,1885,1437,4270,35210,373
116,1,"Ha",912,1032,694,849,1906,1453,4460,38500,395
116,1,"Ha",981,1090,734,968,2065,1498,4560,53000,542
119,2,"Ha",NA,150,NA,80,107,82,158,NA,20
119,2,"Ha",NA,200,79,140,155,115,280,NA,33
119,2,"Ha",NA,256,100,140,225,157,350,NA,47
119,2,"Ha",NA,302,115,164,282,212,458,270,61
119,2,"Ha",NA,347,138,192,344,258,539,390,74
119,2,"Ha",NA,396,150,220,423,324,659,550,88
119,2,"Ha",NA,441,176,251,500,400,754,780,103
119,2,"Ha",NA,476,206,282,582,465,960,1000,117
119,2,"Ha",NA,519,231,318,683,563,1100,1300,131
119,2,"Ha",NA,554,257,356,778,649,1250,1750,144
119,2,"Ha",NA,592,299,402,902,778,1510,2420,158
119,2,"Ha",NA,633,380,457,1027,905,1800,3380,172
119,2,"Ha",NA,674,420,510,1160,1006,2120,4580,185
119,2,"Ha",NA,704,496,562,1252,1084,2480,6170,200
119,2,"Ha",NA,747,532,595,1335,1169,2910,8050,214
119,2,"Ha",NA,800,569,633,1477,1212,3210,11090,225
119,2,"Ha",NA,827,575,650,1544,1258,3320,13550,249
119,2,"Ha",NA,853,576,676,1595,1265,3490,16690,263
119,2,"Ha",NA,891,587,699,1664,1289,3530,19360,277
119,2,"Ha",NA,904,609,722,1690,1301,3650,21710,291
119,2,"Ha",NA,919,593,734,1730,1325,3730,23540,306
119,2,"Ha",NA,912,606,749,1757,1325,3620,24730,319
119,2,"Ha",NA,914,633,760,1766,1347,3850,25140,333
119,2,"Ha",794,937,604,771,1798,1354,3810,27500,354
119,2,"Ha",857,995,635,830,1951,1380,3870,41500,501
120,2,"Ha",NA,243,86,127,203,158,348,NA,46
120,2,"Ha",NA,290,115,153,264,197,431,240,59
120,2,"Ha",NA,337,128,177,322,244,530,420,73
120,2,"Ha",NA,378,145,200,387,297,637,520,87
120,2,"Ha",NA,420,168,230,459,364,800,730,100
120,2,"Ha",NA,461,184,261,537,439,910,930,114
120,2,"Ha",NA,511,230,295,646,524,1120,1280,129
120,2,"Ha",NA,549,250,338,751,622,1321,1740,143
120,2,"Ha",NA,598,275,385,882,758,1570,2490,157
120,2,"Ha",NA,633,350,430,998,863,1800,3370,170
120,2,"Ha",NA,671,392,487,1102,986,2200,4730,184
120,2,"Ha",NA,710,456,533,1227,1090,2490,6780,198
120,2,"Ha",NA,747,508,570,1325,1148,3030,9230,212
120,2,"Ha",NA,789,514,601,1426,1187,3070,12300,226
120,2,"Ha",NA,824,550,619,1513,1224,3390,15660,240
120,2,"Ha",NA,865,561,656,1584,1244,3520,19290,262
120,2,"Ha",NA,878,592,669,1624,1246,3770,21480,275
120,2,"Ha",NA,910,579,692,1675,1266,3850,23350,289
120,2,"Ha",NA,904,580,699,1690,1285,3720,24480,303
120,2,"Ha",NA,923,618,713,1721,1287,4020,27000,317
120,2,"Ha",NA,937,608,728,1759,1287,4010,29800,332
120,2,"Ha",NA,964,620,741,1779,1306,3990,31570,345
120,2,"Ha",NA,960,630,744,1769,1332,4190,32010,359
120,2,"Ha",851,961,604,760,1796,1346,3990,35500,380
120,2,"Ha",879,1010,623,796,1892,1337,4160,42500,527
122,1,"H8",NA,105,NA,46,NA,NA,NA,NA,9
122,1,"H8",NA,144,NA,77,93,75,134,NA,23
122,1,"H8",NA,200,83,104,148,108,248,NA,37
122,1,"H8",NA,253,104,142,211,151,337,200,51
122,1,"H8",NA,294,118,168,270,194,446,260,64
122,1,"H8",NA,343,140,194,326,242,514,390,78
122,1,"H8",NA,391,161,222,400,300,624,520,93
122,1,"H8",NA,436,170,252,471,373,748,730,107
122,1,"H8",NA,472,209,282,545,445,900,910,120
122,1,"H8",NA,513,246,315,641,540,1040,1210,134
122,1,"H8",NA,556,279,353,747,624,1220,1580,148
122,1,"H8",NA,597,315,398,863,741,1410,2050,162
122,1,"H8",NA,628,336,441,977,853,1650,2740,176
122,1,"H8",NA,671,386,491,1088,972,2010,3680,190
122,1,"H8",NA,734,519,567,1294,1125,2500,6000,212
122,1,"H8",NA,767,538,594,1372,1183,2820,8030,225
122,1,"H8",NA,798,573,639,1463,1228,3030,11220,239
122,1,"H8",NA,843,585,668,1525,1266,3190,14440,253
122,1,"H8",NA,879,607,686,1591,1303,3340,18160,267
122,1,"H8",NA,915,622,712,1637,1315,3530,21690,282
122,1,"H8",NA,913,613,727,1699,1321,3600,24530,295
122,1,"H8",NA,940,640,749,1735,1349,3690,27330,309
122,1,"H8",NA,956,638,770,1797,1368,3760,29490,330
122,1,"H8",889,1050,622,930,1991,1452,4030,46500,477
123,1,"W",NA,90,NA,45,NA,NA,NA,NA,6
123,1,"W",NA,143,NA,74,83,61,117,NA,20
123,1,"W",NA,190,67,106,144,111,214,NA,34
123,1,"W",NA,245,88,143,206,145,343,NA,48
123,1,"W",NA,291,116,165,259,184,410,240,61
123,1,"W",NA,342,127,195,324,247,530,380,75
123,1,"W",NA,397,154,229,502,308,609,520,90
123,1,"W",NA,432,170,259,483,390,749,710,104
123,1,"W",NA,465,180,290,562,455,920,870,117
123,1,"W",NA,500,209,325,635,541,980,1050,131
123,1,"W",NA,530,244,361,726,631,1190,1360,145
123,1,"W",NA,564,258,408,835,728,1420,1750,159
123,1,"W",NA,602,318,457,940,830,1610,2470,173
123,1,"W",NA,640,358,522,1067,959,1920,3530,187
123,1,"W",NA,704,474,588,1246,1097,2430,5840,209
123,1,"W",NA,738,495,615,1295,1136,2720,7190,222
123,1,"W",NA,770,516,650,1361,1171,2940,10020,236
123,1,"W",NA,791,525,674,1427,1207,3090,13200,250
123,1,"W",NA,821,528,695,1496,1213,3230,16270,264
123,1,"W",NA,833,525,715,1532,1236,3320,18850,279
123,1,"W",NA,865,548,735,1582,1252,3450,21470,292
123,1,"W",NA,885,558,743,1601,1284,3440,23410,306
123,1,"W",NA,907,564,771,1645,1280,3610,26590,327
123,1,"W",880,985,578,935,1846,1343,4090,47000,474
124,2,"H2",NA,122,NA,56,68,55,92,NA,13
124,2,"H2",NA,186,51,99,129,88,189,NA,29
124,2,"H2",NA,230,83,118,130,134,263,NA,41
124,2,"H2",NA,280,110,149,245,172,380,230,55
124,2,"H2",NA,335,121,183,310,225,487,360,69
124,2,"H2",NA,383,148,207,377,283,567,540,83
124,2,"H2",NA,433,181,238,471,358,700,710,97
124,2,"H2",NA,479,199,278,562,423,862,1000,112
124,2,"H2",NA,516,239,307,651,498,1020,1290,124
124,2,"H2",NA,560,252,353,763,600,1240,1720,139
124,2,"H2",NA,603,312,400,890,720,1470,2330,152
124,2,"H2",NA,643,369,455,1002,840,1760,3230,166
124,2,"H2",NA,688,411,506,1127,941,2090,4470,181
124,2,"H2",NA,723,457,542,1228,1009,2430,6070,195
124,2,"H2",NA,784,527,613,1403,1139,2890,9430,216
124,2,"H2",NA,814,559,635,1472,1160,3040,12340,230
124,2,"H2",NA,845,550,665,1542,1195,3210,14990,243
124,2,"H2",NA,866,600,691,1598,1230,3340,17630,258
124,2,"H2",NA,894,598,712,1638,1239,3540,20390,271
124,2,"H2",NA,936,628,750,1713,1265,3610,25160,293
124,2,"H2",NA,933,628,746,1724,1280,3550,24800,300
124,2,"H2",NA,976,627,759,1742,1270,3630,25990,313
124,2,"H2",NA,965,647,766,1788,1287,3880,28120,335
124,2,"H2",866,1020,637,830,1905,1313,3990,41000,489
126,1,"Ha",NA,125,NA,60,65,55,110,NA,13
126,1,"Ha",NA,186,NA,166,120,85,190,NA,27
126,1,"Ha",NA,220,83,115,176,123,275,NA,41
126,1,"Ha",NA,264,110,143,220,160,384,185,54
126,1,"Ha",NA,309,115,167,277,207,440,270,68
126,1,"Ha",NA,354,143,192,337,260,569,400,83
126,1,"Ha",NA,393,162,213,387,312,670,510,97
126,1,"Ha",NA,427,187,239,456,366,810,670,111
126,1,"Ha",NA,463,204,263,518,423,930,810,124
126,1,"Ha",NA,496,226,287,582,495,1020,1000,138
126,1,"Ha",NA,530,252,318,669,563,1190,1260,152
125,1,"Ha",NA,566,276,354,766,642,1310,1590,166
126,1,"Ha",NA,644,343,395,886,765,1580,2180,180
126,1,"Ha",NA,638,366,440,993,883,1830,2920,194
126,1,"Ha",NA,691,460,505,1149,1020,2300,4450,216
126,1,"Ha",NA,721,532,546,1258,1086,2540,5580,229
126,1,"Ha",NA,761,547,578,1354,1149,2860,7360,243
126,1,"Ha",NA,793,548,604,1422,1172,3010,10410,257
126,1,"Ha",NA,826,590,628,1481,1214,3360,12900,271
126,1,"Ha",NA,855,593,657,1554,1244,3440,16770,286
126,1,"Ha",NA,894,613,687,1618,1263,3490,19120,299
126,1,"Ha",NA,900,601,703,1641,1287,3570,20790,313
126,1,"Ha",767,912,619,727,1698,1319,3640,25000,334
126,1,"Ha",887,1009,659,882,1953,1386,3980,43000,481
127,1,"Ha",NA,73,NA,NA,NA,NA,NA,NA,1
127,1,"Ha",NA,130,NA,62,76,60,112,NA,15
127,1,"Ha",NA,180,62,93,125,98,192,NA,29
127,1,"Ha",NA,220,84,118,193,138,300,NA,42
127,1,"Ha",NA,280,113,151,239,178,401,220,56
127,1,"Ha",NA,332,128,185,308,233,468,340,71
127,1,"Ha",NA,385,158,211,382,283,585,490,85
127,1,"Ha",NA,428,185,243,466,350,760,710,99
127,1,"Ha",NA,468,187,273,540,420,860,880,112
127,1,"Ha",NA,513,213,303,627,500,1010,1220,126
127,1,"Ha",NA,553,270,347,728,615,1160,1590,140
127,1,"Ha",NA,598,297,384,833,707,1360,2090,154
127,1,"Ha",NA,627,344,433,953,841,1610,2770,168
127,1,"Ha",NA,665,403,479,1065,935,1900,3560,182
127,1,"Ha",NA,741,506,556,1283,1076,2430,5650,204
127,1,"Ha",NA,779,542,587,1369,1168,2760,7480,217
127,1,"Ha",NA,821,573,623,1468,1221,2990,10670,231
127,1,"Ha",NA,868,597,648,1551,1251,3180,14700,245
127,1,"Ha",NA,891,612,686,1594,1306,3370,18410,259
127,1,"Ha",NA,925,618,715,1670,1309,3600,22510,274
127,1,"Ha",NA,946,631,727,1717,1337,3570,24630,288
127,1,"Ha",NA,950,632,741,1757,1342,3790,26660,302
127,1,"Ha",811,975,616,780,1763,1391,3900,31000,322
127,1,"Ha",913,1059,657,902,2024,1452,4250,51000,470
131,1,"H9",NA,70,NA,NA,NA,NA,NA,NA,0
131,1,"H9",NA,120,NA,63,69,58,95,NA,13
131,1,"H9",NA,166,55,96,120,90,176,NA,27
131,1,"H9",NA,220,88,121,177,133,265,NA,41
131,1,"H9",NA,273,108,150,230,173,380,200,55
131,1,"H9",NA,323,123,178,298,228,503,290,70
131,1,"H9",NA,363,148,208,355,282,558,430,83
131,1,"H9",NA,405,178,240,423,330,643,580,97
131,1,"H9",NA,475,208,282,544,442,846,870,118
131,1,"H9",NA,888,591,698,1574,1249,3360,17190,265
133,1,"W",NA,88,NA,NA,NA,NA,NA,NA,4
133,1,"W",NA,131,NA,70,83,66,102,NA,18
134,2,"Ha",NA,92,NA,50,39,39,92,NA,5
134,2,"Ha",NA,143,NA,75,92,67,154,NA,19
134,2,"Ha",NA,195,70,105,145,97,NA,NA,33
134,2,"Ha",NA,248,98,129,202,148,350,160,48
134,2,"Ha",NA,293,115,154,262,198,454,210,62
134,2,"Ha",NA,341,140,183,329,246,550,360,76
134,2,"Ha",NA,385,174,220,413,323,658,520,97
134,2,"Ha",NA,800,593,625,1443,1181,3030,10200,244
135,2,"Ha",NA,78,NA,NA,NA,NA,NA,NA,0
135,2,"Ha",NA,121,NA,60,75,57,108,NA,14
135,2,"Ha",NA,170,53,90,120,83,NA,NA,28
135,2,"Ha",NA,223,75,119,177,131,283,NA,43
135,2,"Ha",NA,255,105,139,216,160,383,150,56
135,2,"Ha",NA,300,118,159,271,201,461,240,70
135,2,"Ha",NA,357,144,192,338,265,585,350,91
135,2,"Ha",NA,855,590,634,1447,1212,3070,12350,238
136,1,"G",NA,113,NA,54,61,59,102,NA,11
136,1,"G",NA,162,53,84,105,80,186,NA,25
136,1,"G",NA,206,74,125,160,126,255,NA,39
136,1,"G",NA,265,100,145,214,156,383,180,54
136,1,"G",NA,303,111,165,272,200,503,270,67
136,1,"G",NA,352,132,187,330,251,565,360,81
136,1,"G",NA,410,166,233,428,338,728,590,102
136,1,"G",NA,865,541,667,1487,1205,3340,13570,249
138,2,"H2",NA,72,NA,NA,NA,NA,NA,NA,0
138,2,"H2",NA,112,NA,60,73,52,122,NA,15
138,2,"H2",NA,169,56,86,118,80,180,NA,28
138,2,"H2",NA,250,95,126,202,144,313,135,49
138,2,"H2",NA,273,107,143,233,165,384,200,57
138,2,"H2",NA,324,126,170,289,214,481,280,70
138,2,"H2",NA,391,165,215,395,286,627,510,92
138,2,"H2",NA,808,568,628,1429,1117,3010,9570,246
139,2,"H1",NA,116,NA,59,66,54,103,NA,12
139,2,"H1",NA,170,53,88,120,90,185,NA,26
139,2,"H1",NA,229,85,122,176,128,286,NA,41
139,2,"H1",NA,276,104,144,237,172,370,190,54
139,2,"H1",NA,325,128,172,300,224,483,280,68
139,2,"H1",NA,396,154,216,400,303,634,500,89
139,2,"H1",NA,798,694,662,1495,1238,3080,11070,236
141,2,"H7",NA,95,NA,49,50,43,73,NA,6
141,2,"H7",NA,155,NA,80,94,70,148,NA,20
141,2,"H7",NA,200,75,104,154,107,243,NA,35
141,2,"H7",NA,246,102,135,205,152,340,160,48
141,2,"H7",NA,298,121,158,263,190,434,220,62
141,2,"H7",NA,365,146,196,359,270,603,380,83
141,2,"H7",NA,775,549,629,1419,1176,2990,9620,230
142,1,"H9",NA,70,NA,40,NA,NA,NA,6,1
142,1,"H9",NA,132,NA,65,75,62,118,NA,15
142,1,"H9",NA,185,67,95,132,100,220,NA,30
142,1,"H9",NA,232,90,125,186,136,317,NA,43
142,1,"H9",NA,281,119,153,240,180,410,190,57
142,1,"H9",NA,349,144,193,337,256,561,380,78
142,1,"H9",NA,777,552,628,1373,1169,2970,9680,225
143,1,"W",NA,62,NA,NA,NA,NA,NA,NA,0
143,1,"W",NA,184,60,95,136,104,207,NA,29
144,1,"Ha",NA,98,NA,52,48,44,98,NA,6
144,1,"Ha",NA,155,NA,80,100,70,148,NA,20
144,1,"Ha",NA,209,80,108,155,117,247,NA,35
144,1,"Ha",NA,255,88,140,213,152,340,NA,48
144,1,"Ha",NA,304,118,165,270,203,447,250,62
144,1,"Ha",NA,375,158,206,374,273,583,450,83
146,1,"H5",NA,78,NA,NA,NA,NA,NA,NA,1
146,1,"H5",NA,136,NA,72,72,63,128,NA,15
146,1,"H5",NA,191,58,102,127,97,209,NA,30
146,1,"H5",NA,247,80,125,185,135,325,NA,43
146,1,"H5",NA,292,110,156,245,190,415,220,57
146,1,"H5",NA,366,138,200,339,265,554,380,78
148,1,"H3",NA,124,NA,60,66,55,102,NA,13
148,1,"H3",NA,176,NA,90,118,88,214,NA,28
148,1,"H3",NA,220,78,125,175,125,310,NA,41
148,1,"H3",NA,266,105,154,242,164,381,190,55
148,1,"H3",NA,336,141,187,322,240,552,350,76
148,1,"H3",NA,773,567,624,1353,1147,3000,10020,223
149,1,"Ha",NA,125,NA,63,72,53,115,NA,14
149,1,"Ha",NA,169,60,86,120,88,198,NA,28
149,1,"Ha",NA,225,84,117,174,120,307,NA,43
149,1,"Ha",NA,270,104,146,229,165,387,200,56
149,1,"Ha",NA,320,118,173,291,220,460,290,70
149,1,"Ha",NA,384,149,215,398,303,608,490,91
149,1,"Ha",NA,822,585,649,1500,1255,3020,11950,238
150,1,"H3",NA,69,NA,NA,NA,NA,NA,NA,1
150,1,"H3",NA,130,NA,60,75,58,132,NA,15
150,1,"H3",NA,170,64,88,116,82,192,NA,30
150,1,"H3",NA,215,83,113,170,128,297,NA,43
150,1,"H3",NA,259,110,133,225,165,397,170,57
150,1,"H3",NA,324,134,177,316,238,576,290,78
150,1,"H3",NA,805,540,607,1400,1166,3000,10950,225
151,2,"H7",NA,73,NA,NA,NA,NA,NA,NA,1
151,2,"H7",NA,120,NA,50,68,55,112,NA,14
151,2,"H7",NA,170,50,88,123,93,192,NA,29
151,2,"H7",NA,226,82,114,179,129,313,NA,42
151,2,"H7",NA,270,103,138,226,173,397,160,56
151,2,"H7",NA,338,135,175,317,236,540,320,77
152,2,"H1",NA,113,NA,50,56,50,98,NA,10
152,2,"H1",NA,155,NA,78,103,79,150,NA,23
152,2,"H1",NA,233,95,122,185,132,325,NA,44
152,2,"H1",NA,260,105,141,225,153,360,155,52
152,2,"H1",NA,305,128,162,276,198,446,270,65
152,2,"H1",NA,376,158,205,373,273,595,420,87
152,2,"H1",NA,808,599,634,1484,1151,3070,10950,241
153,1,"H9",NA,112,NA,52,54,48,87,NA,10
153,1,"H9",NA,166,52,80,113,78,155,NA,25
153,1,"H9",NA,212,77,112,152,116,266,NA,38
153,1,"H9",NA,259,108,142,218,163,345,170,52
153,1,"H9",NA,332,137,183,314,237,497,220,73
154,1,"Ha",NA,98,NA,43,38,NA,NA,NA,7
154,1,"Ha",NA,144,NA,65,88,65,146,NA,22
154,1,"Ha",NA,183,66,100,138,95,238,NA,35
154,1,"Ha",NA,245,107,128,200,142,327,150,49
154,1,"Ha",NA,316,129,168,289,222,500,270,70
154,1,"Ha",NA,587,528,595,1379,1174,2830,8480,217
155,1,"H11",NA,108,NA,54,54,43,NA,NA,9
155,1,"H11",NA,187,60,95,128,90,215,NA,30
155,1,"H11",NA,215,75,114,164,114,280,NA,38
155,1,"H11",NA,252,100,138,216,155,355,160,52
155,1,"H11",NA,328,124,182,300,220,500,290,74
156,2,"Ha",NA,98,NA,50,48,46,83,NA,6
156,2,"Ha",NA,148,NA,75,87,74,158,NA,19
156,2,"Ha",NA,195,67,93,140,105,233,NA,33
157,2,"H12",NA,75,NA,NA,NA,NA,NA,NA,1
157,2,"H12",NA,108,NA,56,57,50,94,NA,9
157,2,"H12",NA,150,NA,78,103,77,153,NA,22
157,2,"H12",NA,232,76,118,188,130,292,NA,44
157,2,"H12",NA,720,510,517,1168,1005,2220,5530,198
164,1,"Ha",NA,113,NA,56,54,50,93,NA,11
164,1,"Ha",NA,164,45,79,105,79,172,NA,25
164,1,"Ha",NA,236,75,132,180,135,325,NA,46
165,1,"H3",NA,75,NA,NA,NA,NA,NA,NA,0
165,1,"H3",NA,119,NA,63,73,57,104,NA,14
165,1,"H3",NA,197,60,97,147,104,220,NA,35
165,1,"H3",NA,678,373,491,1091,976,1920,4990,182
166,1,"G",NA,95,NA,47,NA,NA,NA,NA,5
166,1,"G",NA,166,56,88,115,86,175,NA,26
166,1,"G",NA,676,374,488,1030,900,1800,4000,173
44,1,"G",NA,98,NA,49,45,45,85,NA,8
44,1,"G",NA,153,NA,75,95,65,146,NA,22
44,1,"G",NA,228,83,124,78,131,293,NA,43
44,1,"G",NA,298,107,166,262,195,436,250,63
44,1,"G",NA,350,125,188,325,245,534,370,77
44,1,"G",NA,396,143,221,391,299,620,520,91
44,1,"G",NA,435,176,250,470,356,724,750,105
44,1,"G",NA,474,191,281,551,410,853,960,119
44,1,"G",NA,526,241,312,633,507,1029,1240,133
44,1,"G",NA,562,246,353,730,616,1200,1650,147
44,1,"G",NA,603,312,407,872,733,1420,2300,162
44,1,"G",NA,629,369,456,968,844,1630,3100,175
44,1,"G",NA,680,411,503,1076,956,1970,4240,189
44,1,"G",NA,712,466,545,1199,1051,2250,5900,203
46,2,"G",NA,119,NA,62,70,50,104,NA,14
46,2,"G",NA,172,62,90,123,76,200,NA,28
46,2,"G",NA,222,77,123,172,122,278,103,42
46,2,"G",NA,240,86,135,202,146,340,NA,49
46,2,"G",NA,319,114,167,280,208,446,285,69
46,2,"G",NA,343,124,187,329,245,577,300,83
48,2,"G",NA,85,NA,64,92,62,129,NA,18
48,2,"G",NA,185,60,95,136,95,204,NA,32
48,2,"G",NA,235,83,124,185,131,272,109,46
48,2,"G",NA,254,95,130,218,154,344,138,53
54,2,"G",NA,68,NA,NA,NA,NA,NA,NA,0
54,2,"G",NA,135,NA,66,73,59,121,21,16
55,1,"Hb",NA,84,NA,NA,NA,NA,NA,NA,1
55,1,"Hb",NA,123,NA,57,62,53,96,NA,10
55,1,"Hb",NA,193,60,103,145,108,205,NA,30
55,1,"Hb",NA,222,90,136,199,144,304,NA,44
55,1,"Hb",NA,293,112,163,261,175,416,220,58
55,1,"Hb",NA,335,127,190,316,233,531,320,72
55,1,"Hb",NA,379,137,215,372,274,596,470,86
55,1,"Hb",NA,419,176,243,455,347,705,630,100
55,1,"Hb",NA,461,204,280,535,404,820,830,114
55,1,"Hb",NA,505,215,310,635,487,1020,1130,129
55,1,"Hb",NA,548,273,352,729,584,1200,1520,142
55,1,"Hb",NA,582,325,399,849,690,1380,1940,156
55,1,"Hb",NA,630,384,448,969,823,1700,2900,170
55,1,"Hb",NA,681,451,515,1118,969,1980,4160,184
55,1,"Hb",NA,728,505,569,1264,1099,2330,5980,198
55,1,"Hb",NA,771,556,616,1380,1187,2710,8100,212
55,1,"Hb",NA,835,585,671,1419,1228,3280,14650,240
55,1,"Hb",NA,861,643,686,1404,1256,3510,18010,254
55,1,"Hb",NA,897,602,725,1637,1293,3760,21410,268
55,1,"Hb",NA,932,624,762,1715,1332,3720,25780,282
55,1,"Hb",NA,972,684,799,1815,1365,3780,29150,296
55,1,"Hb",NA,975,673,812,1828,1389,4110,30840,310
55,1,"Hb",NA,962,688,842,1868,1398,4040,33440,324
55,1,"Hb",NA,977,660,857,1882,1435,4400,34590,338
55,1,"Hb",NA,964,680,868,1914,1425,4470,36540,352
55,1,"Hb",884,1021,688,899,1944,1438,4380,39500,366
55,1,"Hb",907,1031,698,917,1995,1458,4330,41000,393
55,1,"Hb",942,1064,724,985,2061,1446,4310,52000,443
55,1,"Hb",955,1066,681,981,2091,1479,4400,51500,478
55,1,"Hb",941,1077,695,1006,2109,1478,4580,54000,513
55,1,"Hb",972,1101,713,1025,2163,1473,4490,58000,541
55,1,"Hb",999,1100,740,1042,2200,1510,4680,63000,576
55,1,"Hb",990,1109,730,1061,2222,1515,4600,65500,609
55,1,"Hb",1017,1120,725,1078,2228,1515,4550,65000,632
55,1,"Hb",1016,1130,709,1085,2233,1500,4710,64000,669
55,1,"Hb",1012,1135,727,1102,2228,1500,4820,61000,694
55,1,"Hb",1017,1123,714,1100,2240,1504,4960,58000,723
55,1,"Hb",1030,1138,742,1110,2238,1518,4920,62000,758
55,1,"Hb",1052,1181,737,1128,2248,1524,4980,64000,800
55,1,"Hb",1052,1158,733,1130,2253,1522,5060,63500,830
55,1,"Hb",1058,1165,748,1136,2283,1514,5080,63000,856
55,1,"Hb",1045,1175,765,1142,2282,1516,4990,69000,884
55,1,"Hb",1063,1171,732,1145,2283,1519,4860,73000,913
55,1,"Hb",1062,1178,730,1162,2264,1513,5030,76500,940
55,1,"Hb",1063,1177,730,1161,2321,1507,4990,79000,982
55,1,"Hb",1062,1185,729,1180,2339,1513,4970,74000,1031
55,1,"Hb",1052,1172,733,1173,2323,1512,5010,72000,1059
56,1,"Hb",NA,72,NA,NA,NA,NA,NA,NA,1
56,1,"Hb",NA,133,NA,68,80,60,130,NA,15
56,1,"Hb",NA,186,59,95,130,74,200,NA,29
56,1,"Hb",NA,228,129,130,195,137,295,NA,43
56,1,"Hb",NA,290,103,163,240,185,405,NA,57
56,1,"Hb",NA,339,125,187,313,221,505,290,71
56,1,"Hb",NA,387,153,215,378,283,595,440,85
56,1,"Hb",NA,433,173,247,460,352,710,650,100
56,1,"Hb",NA,471,196,276,536,417,790,900,113
56,1,"Hb",NA,515,229,313,636,495,960,1070,127
56,1,"Hb",NA,565,251,350,746,596,1230,1620,141
56,1,"Hb",NA,597,298,402,870,727,1380,2260,155
56,1,"Hb",NA,642,328,457,1020,855,1630,3180,169
56,1,"Hb",NA,684,402,518,1149,1005,2080,4380,183
56,1,"Hb",NA,793,538,608,1380,1159,2740,8310,211
56,1,"Hb",NA,809,530,649,1458,1222,3180,10770,225
56,1,"Hb",NA,834,535,683,1550,1278,3280,13250,239
56,1,"Hb",NA,877,541,692,1648,1302,3350,17480,253
56,1,"Hb",NA,900,589,741,1686,1338,3620,20690,267
56,1,"Hb",NA,909,613,743,1734,1345,3710,22250,281
56,1,"Hb",NA,937,649,767,1788,1379,3930,24230,295
56,1,"Hb",NA,941,647,793,1796,1416,4180,26050,309
56,1,"Hb",NA,963,668,825,1812,1420,4320,28420,323
56,1,"Hb",NA,972,648,831,1872,1469,4420,31080,337
56,1,"Hb",NA,980,644,848,1874,1459,4370,NA,351
56,1,"Hb",860,1003,655,844,1926,1434,4160,34000,364
56,1,"Hb",895,1035,676,919,2003,1453,4310,38000,414
56,1,"Hb",924,1052,650,912,2049,1478,4380,42500,449
56,1,"Hb",925,1065,683,958,2083,1428,4440,44500,484
56,1,"Hb",946,1078,684,985,2119,1495,4330,46000,512
56,1,"Hb",990,1090,682,1006,2183,1516,4500,53000,547
56,1,"Hb",980,1101,690,1047,2240,1543,4540,56000,580
56,1,"Hb",1000,1105,710,1058,2245,1522,4630,59000,603
56,1,"Hb",1002,1133,730,1090,2250,1540,4720,60000,640
56,1,"Hb",1012,1124,704,1092,2234,1537,4930,56500,658
68,1,"Hb",NA,77,NA,NA,NA,NA,NA,NA,0
68,1,"Hb",NA,80,NA,65,75,61,120,NA,14
68,1,"Hb",NA,180,58,100,125,92,184,NA,28
68,1,"Hb",NA,227,87,131,190,137,315,NA,42
68,1,"Hb",NA,286,111,162,249,177,404,180,56
68,1,"Hb",NA,331,130,188,307,230,518,300,69
68,1,"Hb",NA,377,156,223,383,288,612,480,84
68,1,"Hb",NA,402,157,233,418,312,639,610,91
68,1,"Hb",NA,415,189,247,453,338,742,520,119
68,1,"Hb",NA,464,211,275,549,398,852,780,133
68,1,"Hb",NA,507,251,316,625,479,990,1120,147
68,1,"Hb",NA,548,285,361,733,583,1230,1550,161
68,1,"Hb",NA,580,334,420,867,713,1420,2210,175
68,1,"Hb",NA,633,414,468,1000,850,1685,3100,189
68,1,"Hb",NA,682,434,525,1115,974,2010,4600,203
68,1,"Hb",NA,719,448,580,1258,1057,2510,6360,217
68,1,"Hb",NA,760,543,609,1350,1112,2720,7800,226
68,1,"Hb",NA,788,567,644,1430,1182,2970,9890,238
68,1,"Hb",NA,804,639,681,1510,1229,3160,12860,252
68,1,"Hb",NA,863,589,700,1568,1254,3260,16150,266
68,1,"Hb",NA,883,637,745,1672,1289,3420,21200,285
68,1,"Hb",NA,910,653,755,1701,1281,3560,23480,294
68,1,"Hb",NA,924,649,793,1759,1328,3630,27960,308
68,1,"Hb",NA,928,646,804,1773,1336,3730,28920,315
68,1,"Hb",NA,943,662,801,1813,1366,3980,31480,329
68,1,"Hb",NA,984,669,838,1848,1375,3880,33130,343
68,1,"Hb",NA,965,657,849,1866,1384,3870,33320,357
68,1,"Hb",832,972,664,869,1886,1386,4060,33500,370
68,1,"Hb",864,1006,671,923,1945,1405,4200,37000,400
68,1,"Hb",890,1010,708,928,1983,1418,4310,38500,434
68,1,"Hb",918,1032,693,967,2041,1451,4390,46000,483
68,1,"Hb",933,1053,719,995,2092,1431,4470,46000,532
68,1,"Hb",947,1054,685,1013,2115,1441,4590,49000,560
68,1,"Hb",953,1049,708,1021,2122,1447,4620,50000,589
68,1,"Hb",959,1065,731,1051,2158,1455,4620,54000,615
68,1,"Hb",979,1089,718,1088,2200,1466,4590,55000,658
68,1,"Hb",981,1093,729,1125,2199,1487,4720,57500,675
68,1,"Hb",1003,1100,734,1134,2232,1480,4920,54500,704
69,2,"Ha",NA,65,NA,NA,NA,NA,NA,NA,0
69,2,"Ha",NA,124,NA,58,70,60,115,NA,14
69,2,"Ha",NA,174,58,88,124,95,238,NA,28
69,2,"Ha",NA,224,75,112,179,80,325,NA,41
70,2,"Hb",NA,74,NA,NA,NA,NA,NA,NA,0
70,2,"Hb",NA,94,NA,50,36,NA,NA,NA,7
70,2,"Hb",NA,111,NA,56,62,50,92,NA,9
70,2,"Hb",NA,165,37,85,108,83,149,NA,23
70,2,"Hb",NA,210,74,122,168,72,280,NA,37
70,2,"Hb",NA,260,99,141,224,159,363,155,51
70,2,"Hb",NA,312,122,166,283,205,444,220,64
70,2,"Hb",NA,366,132,195,343,248,575,340,79
70,2,"Hb",NA,385,151,207,386,278,582,460,86
70,2,"Hb",NA,384,171,215,402,300,653,NA,114
71,1,"G",NA,68,NA,NA,NA,NA,NA,NA,0
71,1,"G",NA,94,NA,50,36,NA,NA,NA,5
71,1,"G",NA,140,NA,127,90,70,130,NA,19
71,1,"G",NA,194,60,100,146,110,185,NA,33
71,1,"G",NA,241,88,131,203,144,326,NA,47
71,1,"G",NA,281,95,150,241,174,411,180,60
71,1,"G",NA,314,115,167,285,208,492,220,75
71,1,"G",NA,333,112,185,311,225,524,320,82
71,1,"G",NA,423,168,238,455,356,722,660,110
71,1,"G",NA,460,195,266,525,415,840,870,124
71,1,"G",NA,498,211,296,605,477,1010,1100,138
71,1,"G",NA,534,224,331,691,560,1150,1410,152
71,1,"G",NA,578,278,374,792,667,1310,1840,166
71,1,"G",NA,607,334,425,924,767,1568,2430,180
71,1,"G",NA,654,381,452,1033,894,1870,3430,194
71,1,"G",NA,690,430,512,1138,970,2130,4690,208
71,1,"G",NA,716,436,541,1210,1027,2380,5840,217
71,1,"G",NA,777,478,598,1297,1121,2690,7620,229
71,1,"G",NA,794,528,617,1377,1165,2900,10030,243
71,1,"G",NA,824,530,632,1451,1178,3050,13040,257
71,1,"G",NA,870,555,673,1532,1227,3280,17870,276
71,1,"G",NA,879,558,690,1553,1240,3240,20210,285
71,1,"G",NA,910,570,701,1599,1288,3310,24030,292
71,1,"G",NA,895,582,730,1632,1279,3400,25740,306
71,1,"G",NA,935,585,746,1680,1275,3480,28560,320
71,1,"G",NA,956,583,765,1733,1295,3740,29140,334
71,1,"G",NA,980,587,782,1732,1326,3740,28680,348
71,1,"G",803,950,594,800,1756,1315,3820,30000,361
71,1,"G",837,985,607,827,1821,1349,4080,31000,391
71,1,"G",857,990,608,859,1844,1363,4140,35000,425
71,1,"G",874,1019,591,891,1878,1367,4190,38500,467
71,1,"G",884,1026,628,867,1951,1391,4150,36900,502
72,1,"G",NA,83,NA,NA,NA,NA,NA,NA,1
72,1,"G",NA,108,55,NA,57,50,99,NA,10
72,1,"G",NA,157,46,85,105,75,155,NA,24
72,1,"G",NA,205,82,112,157,118,262,NA,38
72,1,"G",NA,255,90,145,215,162,333,154,51
73,2,"Ha",NA,127,NA,63,71,55,96,NA,14
73,2,"Ha",NA,155,57,97,118,83,195,NA,28
73,2,"Ha",NA,224,80,120,190,129,282,NA,41
73,2,"Ha",NA,283,111,148,243,186,396,190,56
73,2,"Ha",NA,313,129,160,274,198,443,260,63
73,2,"Ha",NA,396,144,211,406,309,658,560,91
73,2,"Ha",NA,441,188,242,483,380,751,740,105
73,2,"Ha",NA,485,208,277,570,454,900,1030,119
73,2,"Ha",NA,522,250,315,655,555,1080,1310,133
73,2,"Ha",NA,565,285,348,776,637,1350,1740,147
73,2,"Ha",NA,608,305,395,890,767,1472,2290,161
73,2,"Ha",NA,647,393,449,1018,885,1780,3220,175
73,2,"Ha",NA,685,438,495,1136,1001,2140,4410,189
73,2,"Ha",NA,714,470,530,1221,1076,2370,5420,198
73,2,"Ha",NA,744,553,580,1332,1144,2710,7210,210
73,2,"Ha",NA,788,565,612,1433,1225,3110,9870,224
73,2,"Ha",NA,840,595,645,1518,1269,3290,13050,238
73,2,"Ha",NA,845,628,676,1598,1287,3390,17660,257
73,2,"Ha",NA,890,631,688,1642,1307,3610,20490,266
73,2,"Ha",NA,914,661,720,1707,1329,3620,23940,281
73,2,"Ha",NA,903,670,721,1714,1332,3610,24930,287
73,2,"Ha",NA,924,672,744,1766,1361,3690,27720,301
73,2,"Ha",NA,957,626,759,1796,1362,3920,NA,315
73,2,"Ha",NA,949,675,769,1788,1370,3970,28150,329
73,2,"Ha",NA,962,658,766,1800,1366,4050,30000,342
73,2,"Ha",NA,952,691,782,1803,1378,4000,25720,358
73,2,"Ha",817,968,669,793,1831,1373,4070,25000,371
73,2,"Ha",849,999,671,805,1840,1383,4210,28500,406
73,2,"Ha",864,1001,660,822,1870,1384,4210,32000,449
73,2,"Ha",853,1001,669,834,1909,1410,4220,30500,478
73,2,"Ha",874,1005,661,825,1916,1396,4180,32500,503
73,2,"Ha",870,1009,671,832,1924,1400,4300,36500,531
73,2,"Ha",874,1018,665,840,1969,1401,4220,35000,560
73,2,"Ha",879,1024,679,847,1939,1425,4280,35500,587
73,2,"Ha",892,1037,695,867,1984,1402,4280,39000,629
73,2,"Ha",916,1041,701,880,2005,1432,4350,37000,678
73,2,"Ha",907,1054,702,884,2010,1415,4420,36500,707
74,2,"G",NA,80,NA,NA,NA,NA,NA,NA,2
74,2,"G",NA,119,NA,58,61,45,91,NA,11
75,1,"G",NA,75,NA,NA,NA,NA,NA,NA,2
75,1,"G",NA,76,NA,38,NA,NA,NA,NA,3
75,1,"G",NA,170,50,87,114,86,198,NA,30
75,1,"G",NA,224,82,124,176,138,295,NA,45
75,1,"G",NA,248,92,132,212,152,328,160,52
75,1,"G",NA,336,114,196,318,241,550,340,80
75,1,"G",NA,383,140,207,375,285,613,480,94
75,1,"G",NA,416,155,238,448,346,702,630,108
75,1,"G",NA,453,179,266,515,414,810,800,122
75,1,"G",NA,488,208,296,588,474,1000,1020,136
75,1,"G",NA,527,239,331,691,563,1170,1380,150
75,1,"G",NA,563,281,379,795,660,1350,1870,164
75,1,"G",NA,616,310,436,926,752,1570,2650,178
75,1,"G",NA,638,350,464,1017,873,1820,3340,187
75,1,"G",NA,660,410,502,1105,960,2000,4410,199
75,1,"G",NA,712,462,560,1222,1062,2400,6120,213
75,1,"G",NA,760,499,603,1334,1137,2800,8260,227
75,1,"G",NA,800,NA,636,1407,1188,2970,11470,246
75,1,"G",NA,807,NA,637,1438,1205,2940,12800,255
75,1,"G",NA,830,NA,657,1478,1208,3070,15620,269
75,1,"G",NA,823,NA,671,1505,1224,3140,17300,276
75,1,"G",NA,872,NA,699,1566,1271,3270,20090,290
75,1,"G",NA,874,NA,712,1621,1295,3330,20550,304
75,1,"G",NA,875,NA,731,1640,1282,3440,21750,318
75,1,"G",NA,899,NA,750,1643,1301,3560,23600,331
75,1,"G",NA,920,NA,767,1676,1311,3690,26290,347
75,1,"G",787,914,NA,774,1721,1309,3820,27500,360
75,1,"G",822,954,NA,824,1783,1342,3920,32500,395
75,1,"G",863,994,NA,854,1832,1360,4090,36500,437
75,1,"G",877,996,NA,869,1874,1387,4130,20000,493
75,1,"G",860,1010,NA,867,1872,1388,4180,29000,521
75,1,"G",889,1002,NA,879,1870,1394,4290,36000,550
75,1,"G",902,1024,NA,903,1961,1400,4180,41000,577
75,1,"G",898,1048,NA,926,1973,1406,4240,47000,619
75,1,"G",941,1051,NA,982,2029,1439,4430,49000,668
75,1,"G",960,1060,NA,989,2050,1442,4630,47000,696
76,2,"Ha",NA,79,NA,NA,NA,NA,NA,NA,1
76,2,"Ha",NA,115,NA,59,65,58,99,NA,11
76,2,"Ha",NA,170,55,87,102,85,178,NA,26
76,2,"Ha",NA,198,69,102,148,110,178,NA,33
76,2,"Ha",NA,303,115,152,266,195,459,230,61
76,2,"Ha",NA,345,127,180,327,241,541,340,75
76,2,"Ha",NA,392,154,205,390,293,638,510,89
76,2,"Ha",NA,433,184,238,469,365,745,700,103
76,2,"Ha",NA,475,200,273,553,433,889,930,117
76,2,"Ha",NA,520,241,305,650,525,1035,1210,131
76,2,"Ha",NA,560,280,348,766,646,1210,1670,145
76,2,"Ha",NA,595,332,394,882,745,1410,2240,159
76,2,"Ha",NA,619,362,424,960,828,1600,2660,168
76,2,"Ha",NA,655,434,468,1064,913,1870,3470,180
76,2,"Ha",NA,689,436,524,1170,1039,2310,4680,194
76,2,"Ha",NA,731,528,556,1280,1126,2560,6370,208
76,2,"Ha",NA,775,556,614,1429,1201,3080,9430,227
76,2,"Ha",NA,808,573,634,1455,1396,3220,11110,236
76,2,"Ha",NA,841,590,659,1515,1263,3230,15030,250
76,2,"Ha",NA,871,622,673,1554,1274,3300,17190,257
76,2,"Ha",NA,876,635,698,1622,1282,3560,21060,271
76,2,"Ha",NA,910,624,725,1665,1297,3540,23630,285
76,2,"Ha",NA,902,649,739,1682,1327,3680,24920,299
76,2,"Ha",NA,917,635,740,1733,1324,3760,25790,312
76,2,"Ha",NA,953,635,757,1769,1325,3820,28430,328
76,2,"Ha",827,952,630,790,1792,1341,3970,29000,342
76,2,"Ha",851,970,637,811,1819,1363,4100,35000,376
76,2,"Ha",878,995,650,839,1895,1382,4240,39500,418
76,2,"Ha",884,1002,666,844,1913,1380,4220,41000,446
76,2,"Ha",895,1012,644,853,1935,1392,4270,44500,474
76,2,"Ha",898,1014,661,867,1973,1384,4120,47000,501
76,2,"Ha",902,1025,655,867,1982,1388,4220,45000,530
76,2,"Ha",905,1040,666,868,1980,1398,4220,47500,558
76,2,"Ha",927,1027,694,882,2015,1401,4240,47000,600
76,2,"Ha",928,1038,661,898,2031,1397,4430,47000,649
76,2,"Ha",940,1053,675,914,2062,1400,4440,47000,677
78,1,"Ha",NA,90,NA,NA,NA,NA,NA,NA,4
78,1,"Ha",NA,119,NA,62,62,52,83,NA,11
78,1,"Ha",NA,144,NA,74,83,60,145,NA,18
78,1,"Ha",NA,240,95,130,195,145,320,NA,46
78,1,"Ha",NA,296,99,155,249,183,403,210,60
78,1,"Ha",NA,338,123,177,297,228,487,310,74
78,1,"Ha",NA,377,147,200,353,275,598,410,88
78,1,"Ha",NA,410,162,220,415,323,662,520,102
78,1,"Ha",NA,446,190,256,480,377,754,620,116
78,1,"Ha",NA,480,205,273,549,430,864,860,130
78,1,"Ha",NA,502,235,282,593,469,967,920,144
78,1,"Ha",NA,522,260,309,660,524,1047,1100,153
78,1,"Ha",NA,559,252,333,735,612,1216,1400,165
78,1,"Ha",NA,592,307,377,853,713,1400,1950,179
78,1,"Ha",NA,634,353,430,974,827,1680,2730,193
78,1,"Ha",NA,683,436,500,1149,997,2090,4300,212
78,1,"Ha",NA,714,453,528,1213,1055,2320,5150,221
78,1,"Ha",NA,745,532,561,1324,1135,2620,6980,235
78,1,"Ha",NA,766,542,591,1373,1160,2750,8030,242
78,1,"Ha",NA,809,566,619,1431,1201,3050,11390,256
78,1,"Ha",NA,831,574,638,1509,1234,3110,14230,270
78,1,"Ha",NA,855,585,659,1589,1263,3300,16900,284
78,1,"Ha",NA,899,612,704,1600,1265,3260,19360,297
78,1,"Ha",NA,917,605,717,1678,1308,3430,22150,313
78,1,"Ha",761,917,618,743,1714,1313,3620,23500,326
78,1,"Ha",NA,933,619,758,1752,1330,3820,25360,340
78,1,"Ha",807,961,618,778,1792,1333,3580,28000,361
78,1,"Ha",828,995,643,822,1852,1368,3880,34000,404
78,1,"Ha",843,1006,636,836,1877,1379,3930,35500,431
78,1,"Ha",856,1023,641,839,1911,1385,3970,36500,458
78,1,"Ha",862,1034,660,855,1934,1382,4000,37500,487
78,1,"Ha",878,1067,663,890,1972,1397,3990,41000,515
78,1,"Ha",900,1063,678,897,2008,1402,4080,44000,542
78,1,"Ha",921,1076,679,934,2061,1397,4140,47000,585
78,1,"Ha",942,1081,669,974,2093,1459,4410,49000,634
78,1,"Ha",952,1090,670,1002,2091,1449,4490,48000,662
80,1,"G",NA,68,NA,NA,NA,NA,NA,NA,0
80,1,"G",NA,96,NA,45,40,NA,NA,NA,5
82,1,"G",NA,119,NA,56,59,49,99,NA,11
82,1,"G",NA,168,43,92,114,80,171,NA,25
82,1,"G",NA,212,76,114,156,126,246,NA,39
82,1,"G",NA,269,90,144,225,171,368,200,53
82,1,"G",NA,312,111,174,290,210,475,270,67
82,1,"G",NA,355,121,203,351,254,549,390,81
82,1,"G",NA,410,153,230,422,320,644,610,95
82,1,"G",NA,445,161,255,484,379,760,820,109
82,1,"G",NA,467,177,268,532,419,829,870,118
82,1,"G",NA,491,198,282,571,451,918,930,130
82,1,"G",NA,518,208,303,629,505,1040,1100,144
82,1,"G",NA,530,245,327,681,570,1150,1300,158
82,1,"G",NA,570,268,368,780,660,1300,1690,177
82,1,"G",NA,588,326,390,868,730,1420,2000,186
82,1,"G",NA,612,315,414,907,782,1550,2220,200
88,1,"Hb",NA,110,NA,54,54,45,72,NA,10
88,1,"Hb",NA,163,NA,83,106,78,134,NA,24
88,1,"Hb",NA,214,74,122,164,119,250,NA,38
88,1,"Hb",NA,240,75,135,204,150,315,NA,47
88,1,"Hb",NA,292,105,162,258,173,430,235,59
88,1,"Hb",NA,349,133,199,328,249,554,340,73
88,1,"Hb",NA,401,158,227,407,308,675,550,87
88,1,"Hb",NA,463,185,283,533,417,847,950,106
88,1,"Hb",NA,490,218,303,599,469,926,1110,115
88,1,"Hb",NA,533,256,343,698,571,1110,1500,129
88,1,"Hb",NA,552,285,365,753,627,1200,1740,136
88,1,"Hb",NA,588,320,407,874,727,1430,2150,150
88,1,"Hb",NA,582,302,420,877,721,1370,1450,164
96,2,"Ha",NA,69,NA,NA,NA,NA,NA,NA,0
96,2,"Ha",NA,119,NA,52,58,47,94,NA,11
96,2,"Ha",NA,172,53,85,124,84,210,NA,27
96,2,"Ha",NA,223,81,115,178,128,324,NA,41
96,2,"Ha",NA,274,102,142,235,168,399,180,54
96,2,"Ha",NA,330,123,177,305,231,529,260,75
96,2,"Ha",NA,450,188,254,506,402,840,760,117
96,2,"Ha",NA,494,222,283,580,469,961,970,131
96,2,"Ha",NA,529,245,315,670,542,1130,1210,145
96,2,"Ha",NA,566,289,358,782,657,1320,1690,159
96,2,"Ha",NA,597,328,402,884,744,1470,2100,173
96,2,"Ha",NA,634,343,445,982,840,1720,2860,186
96,2,"Ha",NA,673,398,496,1110,977,2030,4250,200
96,2,"Ha",NA,709,449,531,1191,1058,2400,5480,215
96,2,"Ha",NA,734,510,572,1320,1122,2680,7400,229
96,2,"Ha",NA,767,559,596,1353,1154,2970,9090,242
96,2,"Ha",NA,811,568,630,1438,1185,3020,12720,256
96,2,"Ha",NA,832,582,652,1487,1189,3280,16140,270
96,2,"Ha",NA,863,594,665,1557,1220,3400,19450,284
96,2,"Ha",NA,881,594,688,1613,1244,3430,22200,298
96,2,"Ha",NA,921,614,715,1647,1250,3510,24580,312
96,2,"Ha",NA,962,628,733,1700,1288,3590,27880,334
96,2,"Ha",NA,944,637,753,1731,1307,3720,28250,347
96,2,"Ha",NA,957,652,764,1748,1335,3790,29140,361
96,2,"Ha",NA,963,632,796,1755,1344,3840,29000,375
97,2,"W",NA,77,NA,NA,NA,NA,NA,NA,2
97,2,"W",NA,105,NA,56,55,55,87,NA,10
98,2,"Hb",NA,73,NA,NA,NA,NA,NA,NA,2
98,2,"Hb",NA,110,NA,54,60,45,87,NA,10
98,2,"Hb",NA,163,40,83,116,81,187,NA,26
98,2,"Hb",NA,209,74,115,170,122,285,NA,40
98,2,"Hb",NA,272,99,142,226,165,386,170,53
98,2,"Hb",NA,341,129,186,323,241,560,330,74
98,2,"Hb",NA,479,209,271,548,428,930,900,116
98,2,"Hb",NA,516,240,305,630,513,1050,1200,130
98,2,"Hb",NA,549,267,345,748,615,1240,1540,144
98,2,"Hb",NA,590,305,386,850,726,1330,2090,158
98,2,"Hb",NA,627,340,432,982,813,1630,2780,172
98,2,"Hb",NA,672,412,484,1085,958,2000,3810,185
98,2,"Hb",NA,710,436,527,1198,1056,2340,5220,199
98,2,"Hb",NA,747,486,578,1314,1132,2700,7300,214
98,2,"Hb",NA,796,545,617,1404,1210,3080,9900,228
98,2,"Hb",NA,806,548,647,1488,1252,3200,12270,241
98,2,"Hb",NA,821,564,659,1546,1255,3400,15220,255
98,2,"Hb",NA,853,580,677,1573,1280,3430,17670,269
98,2,"Hb",NA,890,595,700,1635,1303,3560,21110,283
98,2,"Hb",NA,887,602,716,1670,1323,3740,23700,297
98,2,"Hb",NA,925,635,752,1732,1332,3710,26190,311
98,2,"Hb",NA,947,618,767,1766,1350,3820,28930,333
98,2,"Hb",NA,966,639,775,1816,1336,3920,29850,346
98,2,"Hb",NA,978,626,806,1809,1361,4000,30070,360
98,2,"Hb",832,973,639,817,1829,1376,4010,30000,374
100,1,"W",NA,72,NA,NA,NA,NA,NA,NA,0
100,1,"W",NA,142,NA,73,90,68,133,NA,17
100,1,"W",NA,189,64,105,146,106,240,NA,31
100,1,"W",NA,227,90,135,204,147,363,NA,44
100,1,"W",NA,303,114,173,289,215,495,240,65
100,1,"W",NA,430,168,256,484,387,840,670,107
100,1,"W",NA,466,186,287,569,459,910,900,121
100,1,"W",NA,506,235,322,655,544,1040,1170,135
100,1,"W",NA,539,252,364,761,631,1250,1480,149
100,1,"W",NA,573,265,411,865,751,1490,2010,163
100,1,"W",NA,623,283,460,990,863,1710,2710,176
100,1,"W",NA,660,344,519,1079,963,2020,3770,190
100,1,"W",NA,670,410,554,1163,1024,2160,4500,200
101,1,"H3",NA,68,NA,NA,NA,NA,NA,NA,2
101,1,"H3",NA,138,NA,73,88,68,115,NA,18
101,1,"H3",NA,183,59,100,135,100,194,NA,31
101,1,"H3",NA,247,90,131,203,141,300,NA,45
101,1,"H3",NA,317,116,167,276,207,452,270,66
101,1,"H3",NA,462,182,250,497,395,770,820,109
101,1,"H3",NA,497,226,277,570,464,851,1040,123
101,1,"H3",NA,538,265,313,674,540,1040,1340,139
101,1,"H3",NA,566,294,355,749,625,1190,1660,152
101,1,"H3",NA,604,316,378,855,729,1390,2170,164
101,1,"H3",NA,639,362,426,965,842,1580,2990,178
101,1,"H3",NA,682,389,460,1043,908,1870,4010,192
101,1,"H3",NA,716,467,513,1159,1000,2200,5980,207
101,1,"H3",NA,753,508,555,1260,1067,2480,8470,221
101,1,"H3",NA,780,542,576,1319,1084,2600,11000,234
101,1,"H3",NA,805,542,597,1379,1114,2770,13900,248
101,1,"H3",NA,842,561,626,1440,1143,2940,16900,262
101,1,"H3",NA,858,546,653,1475,1172,3080,20090,276
101,1,"H3",NA,884,565,658,1516,1176,3070,22500,290
101,1,"H3",NA,910,614,681,1591,1196,3110,24330,304
101,1,"H3",NA,953,606,704,1624,1209,3170,27420,326
101,1,"H3",NA,941,573,724,1640,1219,3310,27890,339
101,1,"H3",NA,960,629,739,1661,1244,3490,29840,353
101,1,"H3",NA,970,624,763,1666,1253,3620,28000,368
102,2,"Ha",NA,72,NA,NA,NA,NA,NA,NA,0
102,2,"Ha",NA,130,NA,64,76,60,110,NA,15
102,2,"Ha",NA,156,48,87,115,95,213,NA,28
102,2,"Ha",NA,226,83,118,184,78,320,NA,42
102,2,"Ha",NA,298,115,155,269,201,437,220,63
102,2,"Ha",NA,436,171,239,478,373,840,670,107
102,2,"Ha",NA,462,188,263,550,437,850,850,119
102,2,"Ha",NA,500,245,302,638,518,1030,1240,133
102,2,"Ha",NA,530,255,337,744,610,1170,1460,147
102,2,"Ha",NA,568,278,376,844,704,1350,1900,160
102,2,"Ha",NA,610,309,426,965,820,1610,2600,174
102,2,"Ha",NA,654,350,470,1085,937,1930,3490,188
102,2,"Ha",NA,691,445,521,1202,1045,2240,5030,202
102,2,"Ha",NA,734,478,563,1302,1123,2720,7300,217
102,2,"Ha",NA,768,533,597,1408,1195,2970,9850,230
102,2,"Ha",NA,802,555,632,1498,1242,3220,12870,244
102,2,"Ha",NA,818,579,659,1550,1267,3360,15940,258
102,2,"Ha",NA,849,580,680,1609,1291,3370,19440,272
102,2,"Ha",NA,862,598,687,1643,1300,3630,22500,286
102,2,"Ha",NA,897,614,712,1711,1316,3670,25220,300
102,2,"Ha",NA,914,613,730,1702,1316,3740,22840,322
102,2,"Ha",NA,925,618,739,1718,1328,3780,22760,335
102,2,"Ha",NA,937,619,755,1751,1332,3890,23370,349
102,2,"Ha",808,939,598,779,1768,1342,3980,22000,363
104,1,"H3",NA,99,NA,49,NA,NA,NA,NA,8
104,1,"H3",NA,150,NA,100,130,69,151,NA,24
104,1,"H3",NA,201,67,106,143,109,256,NA,38
104,1,"H3",NA,249,98,134,213,155,345,NA,51
104,1,"H3",NA,314,127,169,290,221,500,280,72
104,1,"H3",NA,439,176,257,492,387,840,750,114
104,1,"H3",NA,478,210,285,581,473,927,990,128
104,1,"H3",NA,515,235,318,670,553,1110,1300,142
104,1,"H3",NA,553,257,367,776,653,1250,1750,156
104,1,"H3",NA,592,307,407,897,757,1480,2370,170
104,1,"H3",NA,629,371,458,1017,876,1740,3310,183
104,1,"H3",NA,661,386,485,1079,897,1930,3620,197
104,1,"H3",NA,688,439,521,1151,986,2300,4730,212
104,1,"H3",NA,731,496,560,1270,1086,2580,6760,226
104,1,"H3",NA,760,542,603,1390,1175,2940,9530,230
104,1,"H3",NA,794,563,636,1449,1187,3130,12790,253
104,1,"H3",NA,818,557,652,1519,1205,3280,16420,267
104,1,"H3",NA,849,563,678,1540,1235,3120,19510,281
104,1,"H3",NA,859,577,685,1605,1240,3450,22300,295
104,1,"H3",NA,903,601,722,1668,1282,3360,25160,309
104,1,"H3",NA,952,601,765,1746,1325,3610,29800,331
104,1,"H3",NA,943,632,773,1767,1306,3730,30430,344
104,1,"H3",NA,949,622,804,1810,1340,3800,32230,358
104,1,"H3",831,962,615,833,1833,1373,4020,33500,372
105,1,"Ha",NA,126,NA,64,74,57,112,NA,13
105,1,"Ha",NA,164,53,89,112,87,181,NA,26
105,1,"Ha",NA,222,90,120,176,128,290,NA,40
105,1,"Ha",NA,291,111,168,268,192,431,240,61
105,1,"Ha",NA,435,178,251,487,379,770,780,105
105,1,"Ha",NA,470,210,278,549,444,842,990,117
105,1,"Ha",NA,513,251,316,630,541,1000,1290,131
105,1,"Ha",NA,552,267,353,753,630,1180,1730,145
105,1,"Ha",NA,594,293,407,860,744,1450,2330,158
105,1,"Ha",NA,638,370,461,1002,870,1750,3330,172
105,1,"Ha",NA,684,424,516,1145,1016,2010,4570,186
105,1,"Ha",NA,730,472,568,1259,1103,2420,6250,201
105,1,"Ha",NA,764,535,598,1349,1186,2630,7260,215
105,1,"Ha",NA,781,564,632,1435,1233,2850,9820,228
105,1,"Ha",NA,820,574,670,1515,1294,3130,13050,242
105,1,"Ha",NA,846,622,685,1581,1311,3320,15580,256
105,1,"Ha",NA,866,650,714,1632,1345,3460,19950,270
105,1,"Ha",NA,894,608,747,1705,1361,3580,24240,284
105,1,"Ha",NA,928,665,762,1715,1389,3660,27760,298
105,1,"Ha",NA,958,651,791,1807,1400,3680,31750,320
105,1,"Ha",NA,956,695,811,1810,1405,3850,33220,333
105,1,"Ha",NA,965,674,824,1852,1431,3860,33970,347
105,1,"Ha",NA,983,666,853,1889,1444,4060,33000,361
112,2,"H2",NA,82,NA,NA,NA,NA,NA,NA,1
112,2,"H2",NA,101,NA,55,58,49,70,NA,9
112,2,"H2",NA,184,56,95,136,92,232,NA,30
112,2,"H2",NA,344,133,185,327,246,550,360,72
112,2,"H2",NA,397,155,220,405,301,673,540,86
112,2,"H2",NA,447,174,253,500,387,840,770,102
112,2,"H2",NA,486,211,282,577,444,950,1040,114
112,2,"H2",NA,528,237,315,681,544,1120,1430,128
112,2,"H2",NA,574,277,362,787,634,1380,1930,142
112,2,"H2",NA,616,315,418,920,762,1600,2620,156
112,2,"H2",NA,662,380,471,1053,905,1900,3650,170
112,2,"H2",NA,706,431,522,1180,1027,2300,4850,185
112,2,"H2",NA,729,464,563,1266,1090,2630,6160,197
112,2,"H2",NA,772,489,602,1361,1175,2850,8330,212
112,2,"H2",NA,793,544,634,1451,1215,3150,10640,225
112,2,"H2",NA,830,560,663,1513,1238,3250,13370,239
112,2,"H2",NA,859,560,682,1591,1274,3530,17630,254
112,2,"H2",NA,896,586,718,1635,1277,3680,21860,268
112,2,"H2",NA,922,585,742,1721,1314,3770,24850,289
112,2,"H2",NA,920,605,754,1735,1336,3830,25860,303
112,2,"H2",NA,956,595,777,1778,1350,3990,26910,316
112,2,"H2",NA,955,613,791,1794,1344,3970,28450,331
112,2,"H2",NA,963,615,800,1829,1347,4150,29790,344
112,2,"H2",865,969,597,829,1851,1367,4260,33000,365
112,2,"H2",822,990,620,831,1888,1376,4530,33000,408
112,2,"H2",921,1019,635,873,1947,1384,4520,33500,562
115,2,"H1",NA,67,NA,NA,NA,NA,NA,NA,0
115,2,"H1",NA,125,NA,55,68,52,114,NA,13
115,2,"H1",NA,276,111,145,233,170,376,180,55
115,2,"H1",NA,323,134,177,285,209,457,280,69
115,2,"H1",NA,371,153,200,360,267,630,440,85
115,2,"H1",NA,404,185,220,410,309,644,500,97
115,2,"H1",NA,436,194,244,470,363,770,650,111
115,2,"H1",NA,478,225,279,549,433,890,900,125
115,2,"H1",NA,528,264,311,665,530,993,1180,139
115,2,"H1",NA,564,308,357,766,621,1220,1490,153
115,2,"H1",NA,600,341,404,887,733,1410,2100,168
115,2,"H1",NA,651,388,449,991,833,1700,2860,180
115,2,"H1",NA,705,490,507,1119,962,2050,4300,195
115,2,"H1",NA,734,511,547,1223,1066,2370,6050,208
115,2,"H1",NA,780,560,591,1358,1127,2680,8340,222
115,2,"H1",NA,805,549,621,1423,1168,2900,11170,237
115,2,"H1",NA,869,621,655,1504,1201,3120,14380,251
115,2,"H1",NA,901,607,681,1577,1226,3360,17950,272
115,2,"H1",NA,913,621,702,1612,1250,3370,19860,286
115,2,"H1",NA,919,638,712,1657,1286,3590,21120,299
115,2,"H1",NA,935,637,730,1690,1289,3560,21970,314
115,2,"H1",NA,941,648,749,1714,1283,3830,24020,327
115,2,"H1",NA,965,654,766,1752,1319,3760,27670,348
115,2,"H1",NA,978,683,779,1763,1311,3790,26890,356
115,2,"H1",NA,974,676,775,1773,1321,3930,27940,369
115,2,"H1",814,984,682,791,1791,1323,3950,30500,391
115,2,"H1",862,1035,683,852,1908,1372,4030,36500,545
125,2,"H1",NA,112,NA,53,62,48,93,NA,10
125,2,"H1",NA,166,54,80,112,79,156,NA,26
125,2,"H1",NA,208,74,108,157,105,222,NA,38
125,2,"H1",NA,255,104,134,204,147,326,160,52
125,2,"H1",NA,301,117,160,260,187,389,240,66
125,2,"H1",NA,351,137,180,317,228,459,380,80
125,2,"H1",NA,391,177,208,381,274,556,450,94
125,2,"H1",NA,433,198,239,452,346,691,680,108
125,2,"H1",NA,475,226,268,528,408,764,920,121
125,2,"H1",NA,516,263,304,635,498,960,1180,136
125,2,"H1",NA,551,301,345,745,600,1150,1600,149
125,2,"H1",NA,600,358,399,887,728,1330,2210,163
125,2,"H1",NA,648,396,450,986,835,1680,3220,178
125,2,"H1",NA,685,447,500,1117,940,1950,4500,192
125,2,"H1",NA,748,538,552,1287,1022,2400,7000,213
125,2,"H1",NA,762,545,577,1356,1058,2620,9330,227
125,2,"H1",NA,800,554,616,1407,1083,2680,11680,240
125,2,"H1",NA,828,578,625,1462,1100,2900,14180,255
125,2,"H1",NA,852,581,643,1502,1145,2970,15850,268
125,2,"H1",NA,873,581,661,1569,1174,3180,19840,289
125,2,"H1",NA,883,602,669,1594,1182,3180,19330,297
125,2,"H1",NA,893,602,677,1609,1152,3120,20910,310
125,2,"H1",NA,922,627,707,1640,1173,3180,23770,332
125,2,"H1",765,955,633,747,1764,1210,3560,25000,486
